<?xml version="1.0" encoding="UTF-8"?>
<config xmlns="http://www.knime.org/2008/09/XMLConfig" xmlns:xsi="http://www.w3.org/2001/XMLSchema-instance" xsi:schemaLocation="http://www.knime.org/2008/09/XMLConfig http://www.knime.org/XMLConfig_2008_09.xsd" key="db_session">
    <config key="Session Info">
        <entry key="version" type="xint" value="5"/>
        <entry key="sessionID" type="xstring" value="ac138858-31e2-46b4-ae85-ccc0bad9c181"/>
        <entry key="dbTypeId" type="xstring" value="default"/>
        <entry key="dialectId" type="xstring" value="sql92"/>
        <entry key="dbURL" type="xstring" value="jdbc:oracle:thin:@localhost:1521:XE"/>
        <entry key="authenticationType" type="xstring" value="USER_PWD"/>
        <entry key="dbUser" type="xstring" value="system"/>
        <entry key="dbPassword" type="xpassword" value="02DQAAAGMq_QxveL1vZ0EBj8W11fQECNjZQSNgEidfES8k"/>
        <entry key="host" type="xstring" isnull="true" value=""/>
    </config>
    <config key="Driver Definition">
        <entry key="driverId" type="xstring" value="built-in-oracle-19.14.0"/>
        <entry key="driverName" type="xstring" value="Driver for Oracle v. 19.14.0"/>
        <entry key="driverVersion" type="xstring" value="19.14.0"/>
        <entry key="driverClass" type="xstring" value="oracle.jdbc.driver.OracleDriver"/>
        <entry key="driverDescription" type="xstring" value=""/>
        <entry key="driverOrigin" type="xstring" value="EXTENSION"/>
    </config>
    <config key="Attributes"/>
</config>
