--
-- PostgreSQL database dump
--

-- Dumped from database version 16.2 (Debian 16.2-1.pgdg120+2)
-- Dumped by pg_dump version 16.2

SET statement_timeout = 0;
SET lock_timeout = 0;
SET idle_in_transaction_session_timeout = 0;
SET client_encoding = 'UTF8';
SET standard_conforming_strings = on;
SELECT pg_catalog.set_config('search_path', '', false);
SET check_function_bodies = false;
SET xmloption = content;
SET client_min_messages = warning;
SET row_security = off;

SET default_tablespace = '';

SET default_table_access_method = heap;

--
-- Name: customer; Type: TABLE; Schema: public; Owner: your_user
--

CREATE TABLE public.customer (
    customerid character varying(30) NOT NULL,
    companyname character varying(255),
    city character varying(100),
    country character varying(100)
);


ALTER TABLE public.customer OWNER TO your_user;

--
-- Name: employee; Type: TABLE; Schema: public; Owner: your_user
--

CREATE TABLE public.employee (
    employeeid integer NOT NULL,
    emplastname character varying(255),
    mnglastname character varying(255)
);


ALTER TABLE public.employee OWNER TO your_user;

--
-- Name: orders_facts; Type: TABLE; Schema: public; Owner: your_user
--

CREATE TABLE public.orders_facts (
    customerid character varying(30) NOT NULL,
    productid integer NOT NULL,
    employeeid integer NOT NULL,
    timeid integer NOT NULL,
    supplierid integer NOT NULL,
    price numeric(10,2),
    quantity integer
);


ALTER TABLE public.orders_facts OWNER TO your_user;

--
-- Name: product; Type: TABLE; Schema: public; Owner: your_user
--

CREATE TABLE public.product (
    productid integer NOT NULL,
    productname character varying(255),
    productcategory character varying(100)
);


ALTER TABLE public.product OWNER TO your_user;

--
-- Name: supplier; Type: TABLE; Schema: public; Owner: your_user
--

CREATE TABLE public.supplier (
    supplierid integer NOT NULL,
    companyname character varying(255),
    country character varying(100)
);


ALTER TABLE public.supplier OWNER TO your_user;

--
-- Name: time; Type: TABLE; Schema: public; Owner: your_user
--

CREATE TABLE public."time" (
    timeid integer NOT NULL,
    date date,
    year integer,
    quarter integer,
    month integer,
    day integer
);


ALTER TABLE public."time" OWNER TO your_user;

--
-- Data for Name: customer; Type: TABLE DATA; Schema: public; Owner: your_user
--

COPY public.customer (customerid, companyname, city, country) FROM stdin;
ALFKI	Alfreds Futterkiste	Berlin	Germany
ANATR	Ana Trujillo Emparedados y helados	Mexico City	Mexico
ANTON	Antonio Moreno Taquería	Mexico City	Mexico
AROUT	Around the Horn	London	UK
BERGS	Berglunds snabbköp	Luleå	Sweden
BLAUS	Blauer See Delikatessen	Mannheim	Germany
BLONP	Blondesddsl père et fils	Strasbourg	France
BOLID	Bólido Comidas preparadas	Madrid	Spain
BONAP	Bon app'	Marseille	France
BOTTM	Bottom-Dollar Markets	Tsawassen	Canada
BSBEV	B's Beverages	London	UK
CACTU	Cactus Comidas para llevar	Buenos Aires	Argentina
CENTC	Centro comercial Moctezuma	Mexico City	Mexico
CHOPS	Chop-suey Chinese	Bern	Switzerland
COMMI	Comércio Mineiro	Sao Paulo	Brazil
CONSH	Consolidated Holdings	London	UK
DRACD	Drachenblut Delikatessen	Aachen	Germany
DUMON	Du monde entier	Nantes	France
EASTC	Eastern Connection	London	UK
ERNSH	Ernst Handel	Graz	Austria
FAMIA	Familia Arquibaldo	Sao Paulo	Brazil
FISSA	FISSA Fabrica Inter. Salchichas S.A.	Madrid	Spain
FOLIG	Folies gourmandes	Lille	France
FOLKO	Folk och fä HB	Bräcke	Sweden
FRANK	Frankenversand	München	Germany
FRANR	France restauration	Nantes	France
FRANS	Franchi S.p.A.	Torino	Italy
FURIB	Furia Bacalhau e Frutos do Mar	Lisboa	Portugal
GALED	Galería del gastrónomo	Barcelona	Spain
GODOS	Godos Cocina Típica	Sevilla	Spain
GOURL	Gourmet Lanchonetes	Campinas	Brazil
GREAL	Great Lakes Food Market	Eugene	USA
GROSR	GROSELLA-Restaurante	Caracas	Venezuela
HANAR	Hanari Carnes	Rio de Janeiro	Brazil
HILAA	HILARION-Abastos	San Cristóbal	Venezuela
HUNGC	Hungry Coyote Import Store	Elgin	USA
HUNGO	Hungry Owl All-Night Grocers	Cork	Ireland
ISLAT	Island Trading	Cowes	UK
KOENE	Königlich Essen	Brandenburg	Germany
LACOR	La corne d'abondance	Versailles	France
LAMAI	La maison d'Asie	Toulouse	France
LAUGB	Laughing Bacchus Wine Cellars	Vancouver	Canada
LAZYK	Lazy K Kountry Store	Walla Walla	USA
LEHMS	Lehmanns Marktstand	Frankfurt a.M.	Germany
LETSS	Let's Stop N Shop	San Francisco	USA
LILAS	LILA-Supermercado	Barquisimeto	Venezuela
LINOD	LINO-Delicateses	I. de Margarita	Venezuela
LONEP	Lonesome Pine Restaurant	Portland	USA
MAGAA	Magazzini Alimentari Riuniti	Bergamo	Italy
MAISD	Maison Dewey	Bruxelles	Belgium
MEREP	Mère Paillarde	Montréal	Canada
MORGK	Morgenstern Gesundkost	Leipzig	Germany
NORTS	North/South	London	UK
OCEAN	Océano Atlántico Ltda.	Buenos Aires	Argentina
OLDWO	Old World Delicatessen	Anchorage	USA
OTTIK	Ottilies Käseladen	Köln	Germany
PARIS	Paris spécialités	Paris	France
PERIC	Pericles Comidas clásicas	Mexico City	Mexico
PICCO	Piccolo und mehr	Salzburg	Austria
PRINI	Princesa Isabel Vinhos	Lisboa	Portugal
QUEDE	Que Delícia	Rio de Janeiro	Brazil
QUEEN	Queen Cozinha	Sao Paulo	Brazil
QUICK	QUICK-Stop	Cunewalde	Germany
RANCH	Rancho grande	Buenos Aires	Argentina
RATTC	Rattlesnake Canyon Grocery	Albuquerque	USA
REGGC	Reggiani Caseifici	Reggio Emilia	Italy
RICAR	Ricardo Adocicados	Rio de Janeiro	Brazil
RICSU	Richter Supermarkt	Genève	Switzerland
ROMEY	Romero y tomillo	Madrid	Spain
SANTG	Santé Gourmet	Stavern	Norway
SAVEA	Save-a-lot Markets	Boise	USA
SEVES	Seven Seas Imports	London	UK
SIMOB	Simons bistro	Kobenhavn	Denmark
SPECD	Spécialités du monde	Paris	France
SPLIR	Split Rail Beer & Ale	Lander	USA
SUPRD	Suprêmes délices	Charleroi	Belgium
THEBI	The Big Cheese	Portland	USA
THECR	The Cracker Box	Butte	USA
TOMSP	Toms Spezialitäten	Münster	Germany
TORTU	Tortuga Restaurante	Mexico City	Mexico
TRADH	Tradição Hipermercados	Sao Paulo	Brazil
TRAIH	Trail's Head Gourmet Provisioners	Kirkland	USA
VAFFE	Vaffeljernet	Århus	Denmark
VICTE	Victuailles en stock	Lyon	France
VINET	Vins et alcools Chevalier	Reims	France
WANDK	Die Wandernde Kuh	Stuttgart	Germany
WARTH	Wartian Herkku	Oulu	Finland
WELLI	Wellington Importadora	Resende	Brazil
WHITC	White Clover Markets	Seattle	USA
WILMK	Wilman Kala	Helsinki	Finland
WOLZA	Wolski  Zajazd	Warszawa	Poland
\.


--
-- Data for Name: employee; Type: TABLE DATA; Schema: public; Owner: your_user
--

COPY public.employee (employeeid, emplastname, mnglastname) FROM stdin;
5	Steven Buchanan	Andrew Fuller
8	Laura Callahan	Andrew Fuller
6	Michael Suyama	Steven Buchanan
7	Robert King	Steven Buchanan
9	Anne Dodsworth	Steven Buchanan
1	Nancy Davolio	Laura Callahan
3	Janet Leverling	Laura Callahan
4	Margaret Peacock	Laura Callahan
2	Andrew Fuller	\N
\.


--
-- Data for Name: orders_facts; Type: TABLE DATA; Schema: public; Owner: your_user
--

COPY public.orders_facts (customerid, productid, employeeid, timeid, supplierid, price, quantity) FROM stdin;
VINET	11	5	20130704	3	14.00	12
VINET	42	5	20130704	3	9.80	10
VINET	72	5	20130704	3	34.80	5
TOMSP	14	6	20130705	1	18.60	9
TOMSP	51	6	20130705	1	42.40	40
HANAR	41	4	20130708	2	7.70	10
HANAR	51	4	20130708	2	42.40	35
HANAR	65	4	20130708	2	16.80	15
VICTE	22	3	20130708	1	16.80	6
VICTE	57	3	20130708	1	15.60	15
VICTE	65	3	20130708	1	16.80	20
SUPRD	20	4	20130709	2	64.80	40
SUPRD	33	4	20130709	2	2.00	25
SUPRD	60	4	20130709	2	27.20	40
HANAR	31	3	20130710	2	10.00	20
HANAR	39	3	20130710	2	14.40	42
HANAR	49	3	20130710	2	16.00	40
CHOPS	24	5	20130711	2	3.60	15
CHOPS	55	5	20130711	2	19.20	21
CHOPS	74	5	20130711	2	8.00	21
RICSU	2	9	20130712	3	15.20	20
RICSU	16	9	20130712	3	13.90	35
RICSU	36	9	20130712	3	15.20	25
RICSU	59	9	20130712	3	44.00	30
WELLI	53	3	20130715	2	26.20	15
WELLI	77	3	20130715	2	10.40	12
HILAA	27	4	20130716	3	35.10	25
HILAA	39	4	20130716	3	14.40	6
HILAA	77	4	20130716	3	10.40	15
ERNSH	2	1	20130717	1	15.20	50
ERNSH	5	1	20130717	1	17.00	65
ERNSH	32	1	20130717	1	25.60	6
CENTC	21	4	20130718	3	8.00	10
CENTC	37	4	20130718	3	20.80	1
OTTIK	41	4	20130719	1	7.70	16
OTTIK	57	4	20130719	1	15.60	50
OTTIK	62	4	20130719	1	39.40	15
OTTIK	70	4	20130719	1	12.00	21
QUEDE	21	4	20130719	2	8.00	20
QUEDE	35	4	20130719	2	14.40	20
RATTC	5	8	20130722	3	17.00	12
RATTC	7	8	20130722	3	24.00	15
RATTC	56	8	20130722	3	30.40	2
ERNSH	16	9	20130723	3	13.90	60
ERNSH	24	9	20130723	3	3.60	28
ERNSH	30	9	20130723	3	20.70	60
ERNSH	74	9	20130723	3	8.00	36
FOLKO	2	6	20130724	3	15.20	35
FOLKO	41	6	20130724	3	7.70	25
BLONP	17	2	20130725	1	31.20	30
BLONP	70	2	20130725	1	12.00	20
WARTH	12	3	20130726	3	30.40	12
FRANK	40	4	20130729	1	14.70	50
FRANK	59	4	20130729	1	44.00	70
FRANK	76	4	20130729	1	14.40	15
GROSR	29	8	20130730	3	99.00	10
GROSR	72	8	20130730	3	27.80	4
WHITC	33	5	20130731	1	2.00	60
WHITC	72	5	20130731	1	27.80	20
WARTH	36	1	20130801	1	15.20	30
WARTH	43	1	20130801	1	36.80	25
SPLIR	33	6	20130801	2	2.00	24
RATTC	20	6	20130802	2	64.80	6
RATTC	31	6	20130802	2	10.00	40
RATTC	72	6	20130802	2	27.80	24
QUICK	10	3	20130805	3	24.80	24
QUICK	31	3	20130805	3	10.00	15
QUICK	33	3	20130805	3	2.00	20
QUICK	40	3	20130805	3	14.70	60
QUICK	76	3	20130805	3	14.40	33
VINET	71	6	20130806	1	17.20	20
VINET	72	6	20130806	1	27.80	7
MAGAA	24	1	20130807	1	3.60	12
MAGAA	59	1	20130807	1	44.00	6
TORTU	10	8	20130808	3	24.80	15
TORTU	13	8	20130808	3	4.80	10
MORGK	28	2	20130809	3	36.40	20
MORGK	62	2	20130809	3	39.40	12
BERGS	44	8	20130812	2	15.50	16
BERGS	59	8	20130812	2	44.00	15
BERGS	63	8	20130812	2	35.10	8
BERGS	73	8	20130812	2	12.00	25
LEHMS	17	8	20130813	2	31.20	15
BERGS	24	2	20130814	1	3.60	12
BERGS	55	2	20130814	1	19.20	20
BERGS	75	2	20130814	1	6.20	30
ROMEY	19	4	20130814	1	7.30	1
ROMEY	24	4	20130814	1	3.60	6
ROMEY	35	4	20130814	1	14.40	4
ROMEY	30	4	20130815	1	20.70	6
ROMEY	57	4	20130815	1	15.60	2
LILAS	15	3	20130816	3	12.40	20
LILAS	19	3	20130816	3	7.30	18
LILAS	60	3	20130816	3	27.20	35
LILAS	72	3	20130816	3	27.80	3
LEHMS	27	4	20130819	1	35.10	15
LEHMS	44	4	20130819	1	15.50	21
LEHMS	60	4	20130819	1	27.20	20
LEHMS	67	4	20130819	1	11.20	5
QUICK	1	1	20130820	2	14.40	45
QUICK	40	1	20130820	2	14.70	40
QUICK	53	1	20130820	2	26.20	36
QUICK	35	8	20130821	3	14.40	100
QUICK	62	8	20130821	3	39.40	40
RICAR	16	8	20130822	3	13.90	40
RICAR	34	8	20130822	3	11.20	20
RICAR	46	8	20130822	3	9.60	15
REGGC	54	4	20130823	1	5.90	10
REGGC	68	4	20130823	1	10.00	3
BSBEV	3	7	20130826	3	8.00	30
BSBEV	64	7	20130826	3	26.60	9
COMMI	5	8	20130827	1	17.00	20
COMMI	29	8	20130827	1	99.00	15
COMMI	49	8	20130827	1	16.00	15
COMMI	77	8	20130827	1	10.40	10
QUEDE	13	6	20130827	2	4.80	20
QUEDE	44	6	20130827	2	15.50	24
QUEDE	51	6	20130827	2	42.40	2
TRADH	20	1	20130828	2	64.80	20
TORTU	18	1	20130829	3	50.00	12
TORTU	24	1	20130829	3	3.60	10
TORTU	63	1	20130829	3	35.10	5
TORTU	75	1	20130829	3	6.20	6
RATTC	1	4	20130830	2	14.40	18
RATTC	17	4	20130830	2	31.20	15
RATTC	43	4	20130830	2	36.80	15
RATTC	60	4	20130830	2	27.20	21
RATTC	75	4	20130830	2	6.20	6
VINET	56	2	20130902	2	30.40	4
LILAS	11	6	20130903	1	16.80	12
LILAS	16	6	20130903	1	13.90	30
LILAS	69	6	20130903	1	28.80	15
BLONP	39	5	20130904	2	14.40	60
BLONP	72	5	20130904	2	27.80	20
HUNGO	2	6	20130905	2	15.20	40
HUNGO	36	6	20130905	2	15.20	40
HUNGO	59	6	20130905	2	44.00	30
HUNGO	62	6	20130905	2	39.40	15
RICAR	19	4	20130906	2	7.30	15
RICAR	70	4	20130906	2	12.00	20
MAGAA	66	2	20130909	2	13.60	30
MAGAA	68	2	20130909	2	10.00	20
WANDK	40	8	20130909	2	14.70	10
WANDK	56	8	20130909	2	30.40	20
SUPRD	17	4	20130910	2	31.20	40
SUPRD	28	4	20130910	2	36.40	28
SUPRD	43	4	20130910	2	36.80	12
GODOS	40	7	20130911	2	14.70	40
GODOS	65	7	20130911	2	16.80	30
GODOS	68	7	20130911	2	10.00	15
TORTU	49	1	20130912	2	16.00	30
TORTU	59	1	20130912	2	44.00	10
TORTU	71	1	20130912	2	17.20	2
OLDWO	18	8	20130913	3	50.00	25
OLDWO	29	8	20130913	3	99.00	25
OLDWO	39	8	20130913	3	14.40	30
ROMEY	30	1	20130916	3	20.70	10
ROMEY	53	1	20130916	3	26.20	10
ROMEY	54	1	20130916	3	5.90	5
LONEP	62	2	20130917	2	39.40	10
LONEP	68	2	20130917	2	10.00	3
ANATR	69	7	20130918	3	28.80	1
ANATR	70	7	20130918	3	12.00	5
HUNGO	4	3	20130919	1	17.60	20
HUNGO	6	3	20130919	1	20.00	30
HUNGO	42	3	20130919	1	11.20	2
HUNGO	43	3	20130919	1	36.80	20
HUNGO	71	3	20130919	1	17.20	3
THEBI	16	8	20130920	2	13.90	10
THEBI	62	8	20130920	2	39.40	5
DUMON	42	1	20130920	3	11.20	6
DUMON	69	1	20130920	3	28.80	7
WANDK	28	2	20130923	2	36.40	4
WANDK	43	2	20130923	2	36.80	24
WANDK	53	2	20130923	2	26.20	20
WANDK	75	2	20130923	2	6.20	10
QUICK	36	2	20130924	2	15.20	12
RATTC	32	1	20130925	2	25.60	40
RATTC	58	1	20130925	2	10.60	30
RATTC	62	1	20130925	2	39.40	25
ISLAT	34	4	20130926	2	11.20	14
ISLAT	70	4	20130926	2	12.00	30
RATTC	41	1	20130927	3	7.70	10
RATTC	62	1	20130927	3	39.40	70
LONEP	1	6	20130930	1	14.40	20
ISLAT	41	8	20131001	2	7.70	20
ISLAT	76	8	20131001	2	14.40	6
TORTU	17	7	20131002	3	31.20	8
TORTU	28	7	20131002	3	36.40	14
TORTU	76	7	20131002	3	14.40	30
WARTH	71	5	20131003	3	17.20	30
ISLAT	35	3	20131003	2	14.40	10
PERIC	52	7	20131004	3	5.60	20
KOENE	15	4	20131007	1	12.40	5
KOENE	25	4	20131007	1	11.20	4
KOENE	39	4	20131007	1	14.40	4
SAVEA	16	9	20131008	1	13.90	21
SAVEA	35	9	20131008	1	14.40	70
SAVEA	46	9	20131008	1	9.60	30
SAVEA	59	9	20131008	1	44.00	40
SAVEA	63	9	20131008	1	35.10	80
KOENE	6	1	20131009	3	20.00	6
KOENE	13	1	20131009	3	4.80	12
KOENE	14	1	20131009	3	18.60	9
KOENE	31	1	20131009	3	10.00	4
KOENE	72	1	20131009	3	27.80	40
BOLID	4	4	20131010	2	17.60	24
BOLID	57	4	20131010	2	15.60	16
BOLID	75	4	20131010	2	6.20	50
FOLKO	2	2	20131011	1	15.20	25
FOLKO	11	2	20131011	1	16.80	50
FOLKO	30	2	20131011	1	20.70	35
FOLKO	58	2	20131011	1	10.60	30
FURIB	59	4	20131014	3	44.00	9
FURIB	65	4	20131014	3	16.80	40
FURIB	68	4	20131014	3	10.00	10
SPLIR	19	4	20131015	2	7.30	10
SPLIR	30	4	20131015	2	20.70	8
SPLIR	38	4	20131015	2	210.80	20
SPLIR	56	4	20131015	2	30.40	12
LILAS	26	3	20131016	1	24.90	50
LILAS	72	3	20131016	1	27.80	25
BONAP	54	9	20131016	1	5.90	15
MEREP	18	3	20131017	2	50.00	40
MEREP	42	3	20131017	2	11.20	10
MEREP	47	3	20131017	2	7.60	16
WARTH	14	5	20131018	3	18.60	10
WARTH	21	5	20131018	3	8.00	10
WARTH	71	5	20131018	3	17.20	40
VICTE	52	8	20131021	2	5.60	8
VICTE	68	8	20131021	2	10.00	10
HUNGO	2	7	20131022	2	15.20	7
HUNGO	31	7	20131022	2	10.00	25
HUNGO	32	7	20131022	2	25.60	6
HUNGO	51	7	20131022	2	42.40	48
PRINI	4	7	20131023	2	17.60	18
FRANK	23	4	20131024	3	7.20	40
FRANK	26	4	20131024	3	24.90	24
FRANK	36	4	20131024	3	15.20	20
FRANK	37	4	20131024	3	20.80	28
FRANK	72	4	20131024	3	27.80	25
OLDWO	17	4	20131025	3	31.20	20
OLDWO	30	4	20131025	3	20.70	15
MEREP	4	2	20131028	2	17.60	10
MEREP	17	2	20131028	2	31.20	70
MEREP	62	2	20131028	2	39.40	28
BONAP	18	1	20131029	3	50.00	20
BONAP	41	1	20131029	3	7.70	12
BONAP	43	1	20131029	3	36.80	40
SIMOB	33	7	20131029	3	2.00	8
SIMOB	59	7	20131029	3	44.00	9
FRANK	2	4	20131030	2	15.20	24
FRANK	31	4	20131030	2	10.00	56
FRANK	36	4	20131030	2	15.20	40
FRANK	55	4	20131030	2	19.20	40
LEHMS	64	4	20131031	1	26.60	50
LEHMS	68	4	20131031	1	10.00	4
LEHMS	76	4	20131031	1	14.40	15
WHITC	4	4	20131101	2	17.60	35
WHITC	8	4	20131101	2	32.00	70
QUICK	8	2	20131104	2	32.00	70
QUICK	19	2	20131104	2	7.30	80
QUICK	42	2	20131104	2	11.20	9
RATTC	17	3	20131105	3	31.20	36
RATTC	56	3	20131105	3	30.40	20
FAMIA	25	4	20131106	3	11.20	10
FAMIA	39	4	20131106	3	14.40	50
FAMIA	40	4	20131106	3	14.70	4
FAMIA	75	4	20131106	3	6.20	6
WANDK	1	4	20131107	2	14.40	15
WANDK	23	4	20131107	2	7.20	25
SPLIR	54	7	20131108	1	5.90	24
LAMAI	50	6	20131111	2	13.00	15
LAMAI	69	6	20131111	2	28.80	18
ERNSH	38	1	20131111	1	210.80	20
ERNSH	41	1	20131111	1	7.70	13
ERNSH	44	1	20131111	1	15.50	77
ERNSH	65	1	20131111	1	16.80	10
FURIB	24	3	20131112	3	3.60	10
FURIB	54	3	20131112	3	5.90	20
PICCO	11	7	20131113	3	16.80	12
PICCO	38	7	20131113	3	210.80	50
PERIC	1	8	20131114	3	14.40	12
PERIC	29	8	20131114	3	99.00	4
AROUT	24	6	20131115	1	3.60	25
AROUT	57	6	20131115	1	15.60	25
WANDK	31	6	20131118	2	10.00	30
WANDK	55	6	20131118	2	19.20	12
WANDK	69	6	20131118	2	28.80	20
LILAS	10	1	20131119	3	24.80	30
LILAS	26	1	20131119	3	24.90	16
LILAS	60	1	20131119	3	27.20	8
LAMAI	24	5	20131120	1	3.60	10
LAMAI	34	5	20131120	1	11.20	10
LAMAI	36	5	20131120	1	15.20	20
SEVES	16	5	20131121	3	13.90	56
SEVES	31	5	20131121	3	10.00	70
SEVES	60	5	20131121	3	27.20	80
BLONP	28	4	20131122	3	36.40	30
BLONP	29	4	20131122	3	99.00	35
BLONP	38	4	20131122	3	210.80	10
BLONP	49	4	20131122	3	16.00	35
BLONP	54	4	20131122	3	5.90	28
QUICK	39	1	20131122	2	14.40	54
QUICK	60	1	20131122	2	27.20	55
BONAP	25	3	20131125	1	11.20	50
BONAP	51	3	20131125	1	42.40	20
BONAP	54	3	20131125	1	5.90	24
DRACD	31	4	20131126	3	10.00	20
DRACD	75	4	20131126	3	6.20	12
DRACD	76	4	20131126	3	14.40	12
EASTC	69	1	20131126	1	28.80	30
EASTC	71	1	20131126	1	17.20	5
ANTON	11	3	20131127	2	16.80	24
GALED	65	8	20131128	2	16.80	5
GALED	77	8	20131128	2	10.40	5
VAFFE	34	7	20131128	3	11.20	36
VAFFE	54	7	20131128	3	5.90	18
VAFFE	65	7	20131128	3	16.80	15
VAFFE	77	7	20131128	3	10.40	7
ERNSH	21	2	20131129	2	8.00	5
ERNSH	28	2	20131129	2	36.40	13
ERNSH	57	2	20131129	2	15.60	25
ERNSH	64	2	20131129	2	26.60	35
SPLIR	29	8	20131202	2	99.00	20
SPLIR	56	8	20131202	2	30.40	18
CHOPS	1	6	20131203	2	14.40	15
CHOPS	64	6	20131203	2	26.60	30
CHOPS	74	6	20131203	2	8.00	20
LAMAI	36	1	20131203	1	15.20	6
QUEEN	20	5	20131204	2	64.80	12
QUEEN	38	5	20131204	2	210.80	40
QUEEN	60	5	20131204	2	27.20	70
QUEEN	72	5	20131204	2	27.80	42
HUNGO	58	4	20131205	3	10.60	80
HUNGO	71	4	20131205	3	17.20	50
WOLZA	31	1	20131205	3	10.00	30
WOLZA	58	1	20131205	3	10.60	15
HUNGC	14	3	20131206	2	18.60	15
HUNGC	54	3	20131206	2	5.90	10
MEREP	31	1	20131209	2	10.00	42
SEVES	28	1	20131209	3	36.40	20
SEVES	39	1	20131209	3	14.40	20
FOLKO	71	5	20131210	3	17.20	6
QUEDE	41	2	20131211	1	7.70	8
QUEDE	63	2	20131211	1	35.10	16
QUEDE	65	2	20131211	1	16.80	20
HUNGO	30	8	20131212	3	20.70	18
HUNGO	53	8	20131212	3	26.20	20
HUNGO	60	8	20131212	3	27.20	6
HUNGO	70	8	20131212	3	12.00	30
LILAS	74	3	20131212	3	8.00	14
ERNSH	5	4	20131213	1	17.00	32
ERNSH	18	4	20131213	1	50.00	9
ERNSH	29	4	20131213	1	99.00	14
ERNSH	33	4	20131213	1	2.00	60
ERNSH	74	4	20131213	1	8.00	50
AROUT	13	8	20131216	3	4.80	20
AROUT	50	8	20131216	3	13.00	15
AROUT	56	8	20131216	3	30.40	20
BERGS	20	3	20131216	3	64.80	28
BERGS	60	3	20131216	3	27.20	15
SPLIR	7	1	20131217	2	24.00	10
SPLIR	60	1	20131217	2	27.20	20
SPLIR	68	1	20131217	2	10.00	8
FAMIA	24	9	20131218	3	3.60	15
FAMIA	34	9	20131218	3	11.20	10
SANTG	24	1	20131218	2	3.60	15
SANTG	28	1	20131218	2	36.40	6
SANTG	59	1	20131218	2	44.00	12
SANTG	71	1	20131218	2	17.20	15
SEVES	45	2	20131219	1	7.60	15
SEVES	52	2	20131219	1	5.60	20
SEVES	53	2	20131219	1	26.20	40
BOTTM	10	4	20131220	2	24.80	16
BOTTM	55	4	20131220	2	19.20	15
BOTTM	62	4	20131220	2	39.40	20
BOTTM	70	4	20131220	2	12.00	30
ERNSH	31	6	20131223	1	10.00	60
ERNSH	35	6	20131223	1	14.40	40
ERNSH	46	6	20131223	1	9.60	45
ERNSH	72	6	20131223	1	27.80	24
DRACD	13	3	20131223	3	4.80	18
PICCO	69	2	20131224	3	28.80	50
SAVEA	2	1	20131225	3	15.20	25
SAVEA	14	1	20131225	3	18.60	42
SAVEA	25	1	20131225	3	11.20	7
SAVEA	26	1	20131225	3	24.90	70
SAVEA	31	1	20131225	3	10.00	32
HUNGC	13	1	20131225	3	4.80	10
HUNGC	62	1	20131225	3	39.40	10
HILAA	46	6	20131226	1	9.60	28
HILAA	53	6	20131226	1	26.20	70
HILAA	69	6	20131226	1	28.80	8
FRANK	23	1	20131227	3	7.20	40
FRANK	71	1	20131227	3	17.20	60
FRANK	72	1	20131227	3	27.80	21
PRINI	21	5	20131227	1	8.00	10
PRINI	51	5	20131227	1	42.40	18
SAVEA	35	2	20131230	3	14.40	30
SAVEA	55	2	20131230	3	19.20	120
VAFFE	68	8	20131231	3	10.00	60
VAFFE	71	8	20131231	3	17.20	30
VAFFE	76	8	20131231	3	14.40	35
VAFFE	77	8	20131231	3	10.40	14
EASTC	29	1	20140101	3	99.00	21
EASTC	35	1	20140101	3	14.40	35
EASTC	49	1	20140101	3	16.00	30
RATTC	30	1	20140101	1	20.70	18
RATTC	56	1	20140101	1	30.40	70
RATTC	65	1	20140101	1	16.80	20
RATTC	71	1	20140101	1	17.20	60
ERNSH	23	8	20140102	2	7.20	60
ERNSH	63	8	20140102	2	35.10	65
ERNSH	16	4	20140103	3	13.90	21
ERNSH	48	4	20140103	3	10.20	70
MAGAA	26	2	20140103	1	24.90	30
MAGAA	42	2	20140103	1	11.20	40
MAGAA	49	2	20140103	1	16.00	30
LINOD	3	1	20140106	1	8.00	50
QUEEN	1	7	20140107	1	14.40	10
QUEEN	21	7	20140107	1	8.00	30
QUEEN	28	7	20140107	1	36.40	42
QUEEN	36	7	20140107	1	15.20	5
QUEEN	40	7	20140107	1	14.70	2
OTTIK	11	2	20140107	2	16.80	30
OTTIK	69	2	20140107	2	28.80	15
OTTIK	71	2	20140107	2	17.20	15
FOLIG	37	8	20140108	1	20.80	10
FOLIG	54	8	20140108	1	5.90	6
FOLIG	62	8	20140108	1	39.40	35
OCEAN	14	3	20140109	1	18.60	12
OCEAN	21	3	20140109	1	8.00	12
BOTTM	33	3	20140110	3	2.00	49
BOTTM	59	3	20140110	3	44.00	16
BOTTM	41	9	20140110	3	7.70	25
BOTTM	44	9	20140110	3	15.50	40
BOTTM	59	9	20140110	3	44.00	9
WARTH	14	8	20140113	2	18.60	20
LAMAI	1	3	20140114	2	14.40	24
LAMAI	62	3	20140114	2	39.40	40
LAMAI	76	3	20140114	2	14.40	14
FAMIA	19	2	20140114	3	7.30	18
FAMIA	33	2	20140114	3	2.00	50
HUNGC	17	3	20140115	1	31.20	2
HUNGC	33	3	20140115	1	2.00	20
WARTH	19	8	20140116	3	7.30	20
WARTH	53	8	20140116	3	26.20	10
WARTH	57	8	20140116	3	15.60	20
SIMOB	38	4	20140116	3	210.80	50
SIMOB	46	4	20140116	3	9.60	2
SIMOB	68	4	20140116	3	10.00	36
SIMOB	77	4	20140116	3	10.40	35
QUICK	2	4	20140117	1	15.20	60
QUICK	47	4	20140117	1	7.60	55
QUICK	61	4	20140117	1	22.80	16
QUICK	74	4	20140117	1	8.00	15
RICSU	60	4	20140120	2	27.20	60
RICSU	69	4	20140120	2	28.80	20
WELLI	9	3	20140121	1	77.60	20
WELLI	13	3	20140121	1	4.80	2
WELLI	70	3	20140121	1	12.00	8
WELLI	73	3	20140121	1	12.00	20
QUEDE	19	8	20140121	1	7.30	4
QUEDE	26	8	20140121	1	24.90	30
QUEDE	53	8	20140121	1	26.20	15
QUEDE	77	8	20140121	1	10.40	10
FRANS	26	2	20140122	1	24.90	2
GOURL	31	6	20140123	3	10.00	14
GOURL	59	6	20140123	3	44.00	20
MEREP	35	7	20140123	2	14.40	60
MEREP	38	7	20140123	2	210.80	49
MEREP	68	7	20140123	2	10.00	30
LAMAI	55	6	20140124	2	19.20	10
LAMAI	76	6	20140124	2	14.40	20
GALED	56	4	20140127	1	30.40	5
GALED	64	4	20140127	1	26.60	7
PICCO	14	4	20140127	2	18.60	35
REGGC	46	7	20140128	1	9.60	20
HUNGO	50	3	20140129	2	13.00	40
HUNGO	63	3	20140129	2	35.10	35
ERNSH	17	4	20140130	1	31.20	45
ERNSH	21	4	20140130	1	8.00	50
ERNSH	56	4	20140130	1	30.40	30
ERNSH	59	4	20140130	1	44.00	70
BOTTM	17	4	20140130	2	31.20	50
BOTTM	40	4	20140130	2	14.70	50
BOTTM	47	4	20140130	2	7.60	30
SPLIR	26	3	20140131	2	24.90	10
SPLIR	54	3	20140131	2	5.90	40
PRINI	56	3	20140203	3	30.40	28
FOLKO	11	3	20140203	2	16.80	6
FOLKO	76	3	20140203	2	14.40	18
CONSH	2	8	20140204	2	15.20	10
CONSH	22	8	20140204	2	16.80	12
CONSH	72	8	20140204	2	27.80	10
BLONP	46	3	20140205	2	9.60	5
BLONP	56	3	20140205	2	30.40	40
BLONP	64	3	20140205	2	26.60	30
BLONP	75	3	20140205	2	6.20	24
WARTH	53	8	20140205	1	26.20	15
TOMSP	19	3	20140206	2	7.30	15
TOMSP	34	3	20140206	2	11.20	20
TOMSP	57	3	20140206	2	15.60	15
MEREP	12	6	20140207	3	30.40	15
MEREP	16	6	20140207	3	13.90	16
MEREP	64	6	20140207	3	26.60	6
MEREP	74	6	20140207	3	8.00	30
SAVEA	2	4	20140210	2	15.20	45
SAVEA	16	4	20140210	2	13.90	49
SAVEA	29	4	20140210	2	99.00	24
SAVEA	61	4	20140210	2	22.80	90
OLDWO	27	3	20140210	2	35.10	50
ERNSH	11	3	20140211	2	16.80	30
ERNSH	54	3	20140211	2	5.90	80
ERNSH	66	3	20140211	2	13.60	60
REGGC	11	8	20140212	1	16.80	6
REGGC	28	8	20140212	1	36.40	12
BERGS	17	3	20140212	3	31.20	10
BERGS	26	3	20140212	3	24.90	15
BERGS	35	3	20140212	3	14.40	8
BERGS	41	3	20140212	3	7.70	30
BERGS	39	3	20140213	1	14.40	6
BERGS	54	3	20140213	1	5.90	15
TOMSP	19	6	20140214	1	7.30	12
TOMSP	24	6	20140214	1	3.60	20
TOMSP	31	6	20140214	1	10.00	3
TOMSP	52	6	20140214	1	5.60	15
RICAR	19	4	20140214	2	7.30	40
RICAR	65	4	20140214	2	16.80	35
RICAR	71	4	20140214	2	17.20	2
RANCH	26	4	20140217	2	24.90	6
RANCH	40	4	20140217	2	14.70	20
BLONP	10	3	20140218	2	24.80	14
BLONP	52	3	20140218	2	5.60	20
BLONP	62	3	20140218	2	39.40	35
VICTE	10	8	20140219	2	24.80	20
VICTE	54	8	20140219	2	5.90	6
QUICK	55	4	20140219	3	19.20	120
QUICK	64	4	20140219	3	26.60	35
QUICK	65	4	20140219	3	16.80	28
QUICK	77	4	20140219	3	10.40	55
SAVEA	28	8	20140220	1	36.40	15
SAVEA	44	8	20140220	1	15.50	100
AROUT	48	1	20140221	2	10.20	15
AROUT	70	1	20140221	2	12.00	25
LAMAI	16	4	20140221	3	13.90	20
LAMAI	33	4	20140221	3	2.00	20
LAMAI	46	4	20140221	3	9.60	10
WARTH	39	8	20140224	2	14.40	20
WARTH	53	8	20140224	2	26.20	50
WARTH	61	8	20140224	2	22.80	25
WARTH	71	8	20140224	2	17.20	30
KOENE	21	8	20140225	2	8.00	40
KOENE	49	8	20140225	2	16.00	21
KOENE	59	2	20140225	1	44.00	36
SUPRD	26	7	20140226	3	24.90	30
SUPRD	28	7	20140226	3	36.40	30
SUPRD	43	7	20140226	3	36.80	20
SUPRD	56	7	20140226	3	30.40	15
SUPRD	71	7	20140226	3	17.20	50
VICTE	7	4	20140227	2	24.00	16
VICTE	46	4	20140227	2	9.60	20
VICTE	72	4	20140227	2	27.80	40
FOLKO	68	8	20140228	1	10.00	21
FOLKO	75	8	20140228	1	6.20	4
LILAS	21	1	20140228	3	8.00	40
LILAS	30	1	20140228	3	20.70	28
LILAS	55	1	20140228	3	19.20	60
CONSH	13	2	20140303	1	4.80	1
CONSH	23	2	20140303	1	7.20	21
SUPRD	19	5	20140304	3	7.30	21
SUPRD	42	5	20140304	3	11.20	50
FURIB	4	4	20140304	2	17.60	16
FURIB	43	4	20140304	2	36.80	3
FURIB	56	4	20140304	2	30.40	30
FURIB	60	4	20140304	2	27.20	20
VAFFE	24	1	20140305	3	3.60	25
VAFFE	29	1	20140305	3	99.00	18
VAFFE	40	1	20140305	3	14.70	20
VAFFE	45	1	20140305	3	7.60	30
VAFFE	50	1	20140305	3	13.00	25
COMMI	11	4	20140306	1	16.80	10
COMMI	46	4	20140306	1	9.60	5
MAGAA	24	8	20140306	2	3.60	28
MAGAA	25	8	20140306	2	11.20	12
KOENE	30	3	20140307	3	20.70	8
KOENE	43	3	20140307	3	36.80	15
WHITC	2	1	20140310	1	15.20	40
WHITC	16	1	20140310	1	13.90	35
WHITC	44	1	20140310	1	15.50	2
BONAP	18	4	20140311	2	50.00	30
BONAP	23	4	20140311	2	7.20	15
BONAP	64	4	20140311	2	26.60	8
BSBEV	7	2	20140311	3	24.00	30
BSBEV	56	2	20140311	3	30.40	20
SEVES	24	8	20140312	1	3.60	80
SEVES	51	8	20140312	1	42.40	18
ISLAT	33	1	20140313	3	2.00	12
ISLAT	71	1	20140313	3	17.20	12
PERIC	14	5	20140313	2	18.60	12
PERIC	28	5	20140313	2	36.40	18
PERIC	40	5	20140313	2	14.70	21
PERIC	75	5	20140313	2	6.20	10
SUPRD	31	9	20140314	1	10.00	35
SUPRD	66	9	20140314	1	13.60	60
SUPRD	76	9	20140314	1	14.40	42
HILAA	55	8	20140317	3	19.20	2
HILAA	70	8	20140317	3	12.00	12
PRINI	1	5	20140317	2	14.40	15
PRINI	21	5	20140317	2	8.00	21
PRINI	39	5	20140317	2	14.40	20
VICTE	10	2	20140318	3	24.80	20
RATTC	38	3	20140319	3	210.80	30
RATTC	53	3	20140319	3	26.20	28
RATTC	59	3	20140319	3	44.00	60
RATTC	64	3	20140319	3	26.60	30
FOLIG	47	6	20140320	2	7.60	30
FOLIG	59	6	20140320	2	44.00	12
RICAR	49	8	20140320	2	16.00	24
RICAR	60	8	20140320	2	27.20	40
LAZYK	40	1	20140321	3	14.70	10
WHITC	34	7	20140324	2	11.20	35
WHITC	77	7	20140324	2	10.40	30
BSBEV	21	3	20140324	3	8.00	14
BSBEV	40	3	20140324	3	14.70	10
BSBEV	51	3	20140324	3	42.40	3
LINOD	2	4	20140325	2	15.20	20
LINOD	3	4	20140325	2	8.00	20
LINOD	55	4	20140325	2	19.20	30
LINOD	70	4	20140325	2	12.00	60
HILAA	11	1	20140326	2	16.80	5
HILAA	51	1	20140326	2	42.40	25
HILAA	74	1	20140326	2	8.00	16
QUEEN	19	2	20140326	2	7.30	5
QUEEN	26	2	20140326	2	24.90	30
QUEEN	54	2	20140326	2	5.90	24
FRANK	59	8	20140327	2	44.00	30
FRANK	73	8	20140327	2	12.00	20
PICCO	11	6	20140328	2	16.80	15
PICCO	16	6	20140328	2	13.90	18
HILAA	59	7	20140331	2	44.00	60
HILAA	68	7	20140331	2	10.00	30
HILAA	75	7	20140331	2	6.20	36
FURIB	44	8	20140331	3	15.50	15
FURIB	77	8	20140331	3	10.40	7
BOTTM	25	3	20140401	1	11.20	60
BOTTM	42	3	20140401	1	11.20	20
LAMAI	65	4	20140402	3	16.80	15
LAMAI	66	4	20140402	3	13.60	10
LAMAI	69	4	20140402	3	28.80	10
COMMI	56	4	20140402	2	30.40	30
LAUGB	23	3	20140403	3	7.20	10
LAUGB	41	3	20140403	3	7.70	20
LAUGB	77	3	20140403	3	10.40	5
TRADH	31	7	20140404	2	10.00	20
LEHMS	56	7	20140404	1	30.40	14
LEHMS	72	7	20140404	1	27.80	25
LEHMS	77	7	20140404	1	10.40	25
HILAA	24	8	20140407	2	4.50	14
HILAA	40	8	20140407	2	18.40	5
HILAA	42	8	20140407	2	14.00	30
LILAS	28	4	20140408	2	45.60	20
LILAS	49	4	20140408	2	20.00	25
LAMAI	15	6	20140409	1	15.50	12
LAMAI	28	6	20140409	1	45.60	8
BLAUS	54	9	20140409	3	7.50	20
PERIC	45	2	20140410	1	9.50	21
PERIC	53	2	20140410	1	32.80	6
PERIC	67	2	20140410	1	14.00	30
HUNGO	14	6	20140411	2	23.30	70
HUNGO	65	6	20140411	2	21.10	20
WHITC	2	4	20140411	3	19.00	12
WHITC	21	4	20140411	3	10.00	12
WHITC	53	4	20140411	3	32.80	10
WHITC	61	4	20140411	3	28.50	25
MEREP	62	3	20140414	3	49.30	3
KOENE	25	9	20140415	2	14.00	18
KOENE	70	9	20140415	2	15.00	14
ANTON	43	7	20140415	1	46.00	15
ANTON	48	7	20140415	1	12.80	15
OTTIK	13	1	20140416	2	6.00	10
OTTIK	39	1	20140416	2	18.00	10
BLAUS	28	4	20140417	1	45.60	3
SAVEA	29	6	20140418	3	123.80	36
SAVEA	75	6	20140418	3	7.80	36
BONAP	4	4	20140418	3	22.00	50
BONAP	7	4	20140418	3	30.00	50
BONAP	8	4	20140418	3	40.00	10
FAMIA	24	7	20140421	2	4.50	10
FAMIA	46	7	20140421	2	12.00	9
FAMIA	47	7	20140421	2	9.50	6
FAMIA	60	7	20140421	2	34.00	12
WANDK	21	7	20140422	1	10.00	40
WANDK	32	7	20140422	1	32.00	50
WANDK	61	7	20140422	1	28.50	15
ERNSH	20	3	20140422	2	81.00	39
ERNSH	28	3	20140422	2	45.60	35
ERNSH	56	3	20140422	2	38.00	70
ERNSH	65	3	20140422	2	21.10	39
ERNSH	75	3	20140422	2	7.80	50
QUICK	9	2	20140423	1	97.00	16
QUICK	16	2	20140423	1	17.50	50
QUICK	27	2	20140423	1	43.90	120
QUICK	33	2	20140423	1	2.50	16
QUICK	60	2	20140423	1	34.00	84
HUNGO	18	2	20140424	3	62.50	25
HUNGO	41	2	20140424	3	9.70	80
HUNGO	42	2	20140424	3	14.00	20
NORTS	52	3	20140424	3	7.00	6
NORTS	59	3	20140424	3	55.00	4
NORTS	70	3	20140424	3	15.00	6
TORTU	24	4	20140425	2	4.50	5
TORTU	38	4	20140425	2	263.50	15
TORTU	44	4	20140425	2	19.50	9
CHOPS	10	6	20140428	3	31.00	16
CHOPS	56	6	20140428	3	38.00	40
CHOPS	60	6	20140428	3	34.00	10
SANTG	24	7	20140429	1	4.50	8
SANTG	53	7	20140429	1	32.80	5
CACTU	35	8	20140429	2	18.00	3
CACTU	41	8	20140429	2	9.70	10
CACTU	68	8	20140429	2	12.50	6
LEHMS	1	4	20140430	1	18.00	40
LEHMS	8	4	20140430	1	40.00	24
LEHMS	30	4	20140430	1	25.90	20
LEHMS	40	4	20140430	1	18.40	25
SEVES	17	7	20140501	2	39.00	25
SEVES	20	7	20140501	2	81.00	15
SEVES	37	7	20140501	2	26.00	18
SEVES	41	7	20140501	2	9.70	6
BERGS	10	1	20140501	2	31.00	2
BERGS	30	1	20140501	2	25.90	10
BERGS	43	1	20140501	2	46.00	60
BERGS	54	1	20140501	2	7.50	15
BONAP	36	1	20140502	2	19.00	30
BONAP	40	1	20140502	2	18.40	15
WARTH	1	4	20140505	2	18.00	8
WARTH	13	4	20140505	2	6.00	10
WARTH	56	4	20140505	2	38.00	30
QUICK	4	7	20140505	1	22.00	50
QUICK	36	7	20140505	1	19.00	30
GREAL	11	6	20140506	2	21.00	3
GREAL	33	6	20140506	2	2.50	8
GREAL	72	6	20140506	2	34.80	9
MAISD	55	5	20140507	2	24.00	14
MAISD	68	5	20140507	2	12.50	20
MAISD	69	5	20140507	2	36.00	10
PICCO	17	3	20140508	2	39.00	40
PICCO	43	3	20140508	2	46.00	25
PICCO	61	3	20140508	2	28.50	20
PICCO	76	3	20140508	2	18.00	50
OCEAN	59	7	20140508	1	55.00	2
EASTC	30	7	20140509	3	25.90	15
EASTC	66	7	20140509	3	17.00	24
FOLKO	4	8	20140512	1	22.00	50
FOLKO	72	8	20140512	1	34.80	24
FOLKO	73	8	20140512	1	15.00	24
LEHMS	30	8	20140512	2	25.90	10
LEHMS	40	8	20140512	2	18.40	10
LEHMS	54	8	20140512	2	7.50	10
ANTON	11	4	20140513	1	21.00	50
ANTON	40	4	20140513	1	18.40	10
ANTON	57	4	20140513	1	19.50	5
ANTON	59	4	20140513	1	55.00	15
LEHMS	12	3	20140514	2	38.00	15
LEHMS	31	3	20140514	2	12.50	20
LEHMS	33	3	20140514	2	2.50	30
LEHMS	60	3	20140514	2	34.00	35
RICSU	31	1	20140514	1	12.50	30
RICSU	51	1	20140514	1	53.00	6
RICSU	58	1	20140514	1	13.30	20
RICSU	72	1	20140514	1	34.80	21
RICSU	73	1	20140514	1	15.00	9
BSBEV	70	9	20140515	3	15.00	7
BSBEV	72	9	20140515	3	34.80	1
BSBEV	13	6	20140516	3	6.00	8
BSBEV	21	6	20140516	3	10.00	15
BSBEV	33	6	20140516	3	2.50	15
BSBEV	49	6	20140516	3	20.00	6
QUICK	3	3	20140519	3	10.00	60
QUICK	26	3	20140519	3	31.20	40
QUICK	38	3	20140519	3	263.50	30
QUICK	68	3	20140519	3	12.50	35
HANAR	24	2	20140519	1	4.50	35
HANAR	38	2	20140519	1	263.50	4
HANAR	65	2	20140519	1	21.10	36
HANAR	71	2	20140519	1	21.50	9
KOENE	11	1	20140520	3	21.00	15
KOENE	54	1	20140520	3	7.50	24
LILAS	12	8	20140521	2	38.00	30
LILAS	23	8	20140521	2	9.00	70
LONEP	28	4	20140521	1	45.60	7
LONEP	67	4	20140521	1	14.00	7
LAZYK	11	8	20140522	2	21.00	10
VICTE	7	1	20140523	3	30.00	10
VICTE	35	1	20140523	3	18.00	30
VICTE	62	1	20140523	3	49.30	40
SEVES	32	3	20140523	2	32.00	24
SEVES	36	3	20140523	2	19.00	60
TOMSP	34	3	20140526	2	14.00	10
TOMSP	41	3	20140526	2	9.70	14
QUICK	31	5	20140527	1	12.50	55
QUICK	45	5	20140527	1	9.50	100
QUICK	51	5	20140527	1	53.00	48
GODOS	17	7	20140528	3	39.00	8
GODOS	19	7	20140528	3	9.20	10
GODOS	21	7	20140528	3	10.00	6
GODOS	61	7	20140528	3	28.50	10
FURIB	16	4	20140528	3	17.50	40
FURIB	35	4	20140528	3	18.00	20
FURIB	44	4	20140528	3	19.50	40
HILAA	69	2	20140529	1	36.00	18
HILAA	75	2	20140529	1	7.80	30
WARTH	11	2	20140530	2	21.00	15
WARTH	16	2	20140530	2	17.50	14
WARTH	22	2	20140530	2	21.00	24
WARTH	31	2	20140530	2	12.50	30
WARTH	35	2	20140530	2	18.00	6
OTTIK	16	4	20140530	3	17.50	30
OTTIK	23	4	20140530	3	9.00	20
OTTIK	62	4	20140530	3	49.30	20
OTTIK	77	4	20140530	3	13.00	10
SAVEA	14	6	20140602	3	23.30	30
SAVEA	19	6	20140602	3	9.20	35
SAVEA	24	6	20140602	3	4.50	18
SAVEA	51	6	20140602	3	53.00	20
SAVEA	56	6	20140602	3	38.00	40
SIMOB	72	2	20140603	1	34.80	24
LEHMS	64	9	20140603	2	33.30	30
LEHMS	75	9	20140603	2	7.80	20
AROUT	47	1	20140604	2	9.50	25
AROUT	51	1	20140604	2	53.00	20
AROUT	52	1	20140604	2	7.00	30
AROUT	53	1	20140604	2	32.80	18
AROUT	73	1	20140604	2	15.00	3
BLONP	41	6	20140605	1	9.70	12
BLONP	55	6	20140605	1	24.00	18
FRANK	30	8	20140606	1	25.90	20
FRANK	62	8	20140606	1	49.30	15
FOLKO	44	2	20140606	2	19.50	10
FOLKO	51	2	20140606	2	53.00	50
REGGC	33	1	20140609	1	2.50	20
REGGC	62	1	20140609	1	49.30	10
RICAR	36	2	20140610	2	19.00	25
RICAR	52	2	20140610	2	7.00	70
RATTC	17	4	20140610	3	39.00	16
RATTC	31	4	20140610	3	12.50	6
RATTC	55	4	20140610	3	24.00	25
MEREP	24	8	20140611	2	4.50	25
MEREP	64	8	20140611	2	33.30	18
BLONP	11	9	20140612	1	21.00	35
BLONP	18	9	20140612	1	62.50	18
BLONP	76	9	20140612	1	18.00	10
HUNGO	31	1	20140612	1	12.50	60
HUNGO	51	1	20140612	1	53.00	3
HUNGO	59	1	20140612	1	55.00	40
GALED	10	3	20140613	3	31.00	5
RATTC	31	5	20140616	1	12.50	35
RATTC	76	5	20140616	1	18.00	30
MEREP	11	3	20140617	3	21.00	15
MEREP	56	3	20140617	3	38.00	60
ERNSH	14	8	20140617	3	23.30	11
ERNSH	42	8	20140617	3	14.00	28
BERGS	16	3	20140618	2	17.50	12
BERGS	32	3	20140618	2	32.00	10
BERGS	40	3	20140618	2	18.40	50
BERGS	75	3	20140618	2	7.80	15
ANTON	17	7	20140619	3	39.00	18
ANTON	34	7	20140619	3	14.00	40
ANTON	53	7	20140619	3	32.80	25
TRAIH	33	4	20140619	2	2.50	14
TRAIH	40	4	20140619	2	18.40	2
TRAIH	62	4	20140619	2	49.30	10
TRAIH	64	4	20140619	2	33.30	6
MORGK	59	5	20140620	1	55.00	12
MORGK	63	5	20140620	1	43.90	6
MORGK	72	5	20140620	1	34.80	30
MORGK	76	5	20140620	1	18.00	10
TORTU	1	3	20140623	3	18.00	10
TORTU	31	3	20140623	3	12.50	20
TORTU	44	3	20140623	3	19.50	21
TRAIH	39	9	20140623	2	18.00	10
TRAIH	75	9	20140623	2	7.80	20
TRAIH	77	9	20140623	2	13.00	18
BSBEV	35	4	20140624	3	18.00	20
BSBEV	57	4	20140624	3	19.50	6
LETSS	15	1	20140625	2	15.50	10
LETSS	75	1	20140625	2	7.80	21
OTTIK	14	4	20140626	3	23.30	15
OTTIK	41	4	20140626	3	9.70	9
OTTIK	65	4	20140626	3	21.10	30
FAMIA	75	3	20140626	1	7.80	50
BLAUS	57	3	20140627	2	19.50	4
BLAUS	76	3	20140627	2	18.00	14
WARTH	29	2	20140630	2	123.80	10
WARTH	60	2	20140630	2	34.00	24
WARTH	69	2	20140630	2	36.00	10
BLONP	31	4	20140630	1	12.50	50
WELLI	47	7	20140701	1	9.50	15
REGGC	52	9	20140702	1	7.00	4
QUEDE	26	1	20140702	1	31.20	6
QUEDE	35	1	20140702	1	18.00	20
QUEDE	77	1	20140702	1	13.00	20
QUICK	18	2	20140703	3	62.50	40
QUICK	42	2	20140703	3	14.00	100
GREAL	35	8	20140704	2	18.00	4
MEREP	1	4	20140707	3	18.00	20
MEREP	77	4	20140707	3	13.00	60
VAFFE	3	1	20140707	1	10.00	14
VAFFE	7	1	20140707	1	30.00	10
VAFFE	54	1	20140707	1	7.50	50
LEHMS	15	3	20140708	1	15.50	25
LEHMS	26	3	20140708	1	31.20	5
LEHMS	20	7	20140709	2	81.00	21
LEHMS	69	7	20140709	2	36.00	20
LEHMS	76	7	20140709	2	18.00	4
OLDWO	52	3	20140709	2	7.00	24
OLDWO	58	3	20140709	2	13.30	30
ERNSH	35	2	20140710	1	18.00	30
ERNSH	61	2	20140710	1	28.50	120
ERNSH	69	2	20140710	1	36.00	65
WHITC	56	8	20140711	1	38.00	5
WHITC	63	8	20140711	1	43.90	24
WHITC	75	8	20140711	1	7.80	30
PICCO	24	7	20140711	3	4.50	35
PICCO	57	7	20140711	3	19.50	20
PICCO	65	7	20140711	3	21.10	12
RATTC	27	1	20140714	3	43.90	50
RATTC	71	1	20140714	3	21.50	9
BSBEV	62	6	20140715	3	49.30	10
HUNGC	54	4	20140716	1	7.50	4
HUNGC	73	4	20140716	1	15.00	30
HILAA	13	7	20140716	1	6.00	60
HILAA	59	7	20140716	1	55.00	35
VAFFE	77	8	20140717	2	13.00	5
SAVEA	22	8	20140718	2	21.00	48
SAVEA	49	8	20140718	2	20.00	25
FURIB	48	1	20140718	1	12.80	6
FURIB	76	1	20140718	1	18.00	10
MEREP	16	1	20140721	2	17.50	30
MEREP	59	1	20140721	2	55.00	20
MEREP	60	1	20140721	2	34.00	70
MEREP	71	1	20140721	2	21.50	15
TRADH	4	4	20140722	3	22.00	20
TRADH	55	4	20140722	3	24.00	20
TRADH	62	4	20140722	3	49.30	10
SAVEA	7	5	20140722	1	30.00	45
SAVEA	17	5	20140722	1	39.00	100
SAVEA	33	5	20140722	1	2.50	14
SAVEA	40	5	20140722	1	18.40	42
SAVEA	72	5	20140722	1	34.80	12
TOMSP	56	4	20140723	2	38.00	28
DUMON	1	7	20140724	2	18.00	3
DUMON	10	7	20140724	2	31.00	10
DUMON	21	7	20140724	2	10.00	6
LAMAI	36	8	20140725	1	19.00	21
WOLZA	1	6	20140725	2	18.00	6
WOLZA	2	6	20140725	2	19.00	10
WOLZA	60	6	20140725	2	34.00	15
SAVEA	10	1	20140728	2	31.00	70
SAVEA	36	1	20140728	2	19.00	55
SAVEA	49	1	20140728	2	20.00	18
SAVEA	60	1	20140728	2	34.00	40
SAVEA	76	1	20140728	2	18.00	80
HILAA	13	4	20140729	2	6.00	8
HILAA	75	4	20140729	2	7.80	40
BLAUS	11	8	20140729	3	21.00	14
BLAUS	21	8	20140729	3	10.00	8
BLAUS	39	8	20140729	3	18.00	5
WILMK	55	2	20140730	3	24.00	5
GREAL	38	1	20140731	2	263.50	15
GREAL	56	1	20140731	2	38.00	14
GREAL	70	1	20140731	2	15.00	15
GREAL	71	1	20140731	2	21.50	15
GREAL	59	4	20140731	2	55.00	30
MEREP	6	1	20140801	1	25.00	70
MEREP	56	1	20140801	1	38.00	20
MEREP	68	1	20140801	1	12.50	15
MEREP	21	3	20140804	3	10.00	42
MEREP	22	3	20140804	3	21.00	40
LAUGB	24	2	20140805	3	4.50	5
LAUGB	52	2	20140805	3	7.00	5
ISLAT	19	4	20140805	2	9.20	5
ISLAT	23	4	20140805	2	9.00	10
ISLAT	70	4	20140805	2	15.00	20
ISLAT	71	4	20140805	2	21.50	15
RICAR	2	4	20140806	3	19.00	20
RICAR	68	4	20140806	3	12.50	18
FRANK	14	8	20140807	2	23.30	21
FRANK	19	8	20140807	2	9.20	15
FRANK	21	8	20140807	2	10.00	25
FRANK	24	8	20140807	2	4.50	3
FRANK	35	8	20140807	2	18.00	30
THECR	28	4	20140807	2	45.60	10
THECR	29	4	20140807	2	123.80	6
THECR	44	4	20140807	2	19.50	10
ANATR	14	3	20140808	1	23.30	3
ANATR	42	3	20140808	1	14.00	5
ANATR	60	3	20140808	1	34.00	10
BERGS	53	1	20140811	2	32.80	12
BERGS	60	1	20140811	2	34.00	20
BERGS	71	1	20140811	2	21.50	20
SAVEA	62	8	20140811	3	49.30	15
SAVEA	73	8	20140811	3	15.00	35
BLONP	1	4	20140812	3	18.00	25
GODOS	29	4	20140812	3	123.80	20
GODOS	64	4	20140812	3	33.30	9
KOENE	55	1	20140813	2	24.00	12
KOENE	76	1	20140813	2	18.00	35
LAMAI	75	8	20140814	1	7.80	8
WANDK	2	8	20140814	1	19.00	30
WANDK	33	8	20140814	1	2.50	20
ERNSH	12	7	20140815	3	38.00	36
ERNSH	13	7	20140815	3	6.00	13
ERNSH	26	7	20140815	3	31.20	35
ERNSH	62	7	20140815	3	49.30	80
FOLIG	7	4	20140815	3	30.00	35
FOLIG	18	4	20140815	3	62.50	50
FOLIG	51	4	20140815	3	53.00	15
FOLIG	75	4	20140815	3	7.80	2
MAGAA	4	8	20140818	3	22.00	10
MAGAA	5	8	20140818	3	21.40	15
MAGAA	22	8	20140818	3	21.00	40
WARTH	4	4	20140819	1	22.00	25
WARTH	58	4	20140819	1	13.30	6
QUEEN	11	6	20140819	1	21.00	10
QUEEN	50	6	20140819	1	16.30	25
QUEEN	56	6	20140819	1	38.00	60
LINOD	45	3	20140820	1	9.50	20
LINOD	65	3	20140820	1	21.10	21
LINOD	72	3	20140820	1	34.80	60
SANTG	18	7	20140820	3	62.50	8
WANDK	69	4	20140821	1	36.00	20
WANDK	70	4	20140821	1	15.00	15
HILAA	2	4	20140822	2	19.00	50
HILAA	40	4	20140822	2	18.40	60
SIMOB	21	7	20140822	3	10.00	30
SIMOB	61	7	20140822	3	28.50	20
ALFKI	28	6	20140825	1	45.60	15
ALFKI	39	6	20140825	1	18.00	21
ALFKI	46	6	20140825	1	12.00	2
WELLI	18	3	20140825	2	62.50	4
WELLI	43	3	20140825	2	46.00	20
WELLI	46	3	20140825	2	12.00	21
HANAR	18	4	20140826	1	62.50	20
HANAR	36	4	20140826	1	19.00	15
HUNGO	1	9	20140827	3	18.00	15
HUNGO	10	9	20140827	3	31.00	18
HUNGO	71	9	20140827	3	21.50	30
HUNGO	77	9	20140827	3	13.00	35
QUEDE	19	4	20140827	2	9.20	30
QUEDE	39	4	20140827	2	18.00	20
RICAR	22	5	20140828	2	21.00	15
RICAR	24	5	20140828	2	4.50	15
MAISD	28	5	20140828	3	45.60	20
MAISD	72	5	20140828	3	34.80	15
FAMIA	30	5	20140829	3	25.90	30
FAMIA	53	5	20140829	3	32.80	25
FAMIA	54	5	20140829	3	7.50	30
WANDK	19	8	20140901	2	9.20	12
WANDK	22	8	20140901	2	21.00	20
GOURL	30	4	20140901	2	25.90	2
GOURL	42	4	20140901	2	14.00	20
FRANK	16	1	20140902	1	17.50	30
FRANK	60	1	20140902	1	34.00	20
BERGS	4	5	20140902	1	22.00	12
BERGS	39	5	20140902	1	18.00	20
BERGS	54	5	20140902	1	7.50	6
REGGC	41	1	20140903	2	9.70	20
GREAL	14	6	20140904	1	23.30	3
GREAL	44	6	20140904	1	19.50	28
GREAL	47	6	20140904	1	9.50	6
SAVEA	15	2	20140904	2	15.50	50
SAVEA	41	2	20140904	2	9.70	24
SAVEA	46	2	20140904	2	12.00	45
SAVEA	47	2	20140904	2	9.50	10
SAVEA	56	2	20140904	2	38.00	45
SAVEA	60	2	20140904	2	34.00	30
QUICK	21	4	20140905	1	10.00	60
QUICK	40	4	20140905	1	18.40	70
QUICK	60	4	20140905	1	34.00	55
QUICK	77	4	20140905	1	13.00	70
QUEEN	31	7	20140905	2	12.50	20
QUEEN	40	7	20140905	2	18.40	24
QUEEN	70	7	20140905	2	15.00	40
HUNGC	20	8	20140908	1	81.00	21
HUNGO	39	7	20140909	3	18.00	3
HUNGO	58	7	20140909	3	13.30	49
LONEP	68	3	20140909	2	12.50	10
BONAP	40	2	20140910	2	18.40	30
BONAP	42	2	20140910	2	14.00	30
BONAP	51	2	20140910	2	53.00	20
FURIB	10	1	20140910	3	31.00	24
FURIB	56	1	20140910	3	38.00	12
FURIB	65	1	20140910	3	21.10	15
LONEP	51	1	20140911	2	53.00	20
LONEP	59	1	20140911	2	55.00	1
LONEP	76	1	20140911	2	18.00	10
RICSU	29	7	20140912	2	123.80	36
RICSU	65	7	20140912	2	21.10	10
ERNSH	69	7	20140912	1	36.00	45
ERNSH	71	7	20140912	1	21.50	14
WANDK	31	1	20140915	2	12.50	8
WANDK	55	1	20140915	2	24.00	4
WANDK	64	1	20140915	2	33.30	15
SIMOB	36	2	20140915	1	19.00	30
FRANK	23	4	20140916	1	9.00	32
FRANK	46	4	20140916	1	12.00	60
FRANK	67	4	20140916	1	14.00	25
FRANK	73	4	20140916	1	15.00	50
FRANK	75	4	20140916	1	7.80	25
FRANR	16	1	20140917	1	17.50	10
FRANR	62	1	20140917	1	49.30	10
FRANR	65	1	20140917	1	21.10	12
BERGS	38	9	20140917	2	263.50	15
BERGS	71	9	20140917	2	21.50	12
WILMK	16	2	20140918	1	17.50	3
WILMK	42	2	20140918	1	14.00	6
WILMK	43	2	20140918	1	46.00	6
ISLAT	23	4	20140918	2	9.00	5
FRANK	14	5	20140919	2	23.30	30
FRANK	53	5	20140919	2	32.80	10
FRANK	58	5	20140919	2	13.30	30
TORTU	10	2	20140922	2	31.00	2
TORTU	19	2	20140922	2	9.20	7
TORTU	44	2	20140922	2	19.50	21
ANTON	26	1	20140922	3	31.20	30
ANTON	33	1	20140922	3	2.50	8
SAVEA	12	7	20140923	3	38.00	100
SAVEA	33	7	20140923	3	2.50	30
SAVEA	41	7	20140923	3	9.70	120
SAVEA	54	7	20140923	3	7.50	30
BLONP	59	8	20140923	3	55.00	12
OLDWO	16	1	20140924	1	17.50	50
OLDWO	31	1	20140924	1	12.50	20
OLDWO	42	1	20140924	1	14.00	40
GREAL	19	3	20140925	3	9.20	30
GREAL	21	3	20140925	3	10.00	12
GREAL	64	3	20140925	3	33.30	28
ANTON	33	3	20140925	2	2.50	30
ANTON	66	3	20140925	2	17.00	4
ANTON	75	3	20140925	2	7.80	30
DUMON	52	2	20140926	1	7.00	9
OTTIK	40	3	20140926	1	18.40	20
OTTIK	47	3	20140926	1	9.50	40
OTTIK	60	3	20140926	1	34.00	30
GOURL	10	4	20140929	2	31.00	20
GOURL	41	4	20140929	2	9.70	4
GOURL	47	4	20140929	2	9.50	15
PICCO	17	2	20140930	1	39.00	30
PICCO	26	2	20140930	1	31.20	15
HUNGO	9	9	20140930	2	97.00	50
HUNGO	29	9	20140930	2	123.80	10
HUNGO	36	9	20140930	2	19.00	6
VAFFE	10	4	20141001	2	31.00	18
VAFFE	28	4	20141001	2	45.60	60
VAFFE	34	4	20141001	2	14.00	14
BERGS	1	1	20141001	2	18.00	35
HANAR	56	1	20141002	1	38.00	20
HANAR	77	1	20141002	1	13.00	30
QUICK	1	2	20141003	2	18.00	30
QUICK	29	2	20141003	2	123.80	40
QUICK	43	2	20141003	2	46.00	40
QUICK	44	2	20141003	2	19.50	24
QUICK	62	2	20141003	2	49.30	48
ALFKI	63	4	20141003	2	43.90	20
WHITC	9	3	20141006	3	97.00	6
WHITC	54	3	20141006	3	7.50	60
WHITC	69	3	20141006	3	36.00	30
WHITC	73	3	20141006	3	15.00	15
QUICK	7	8	20141006	3	30.00	90
QUICK	59	8	20141006	3	55.00	25
QUICK	70	8	20141006	3	15.00	50
WILMK	8	7	20141007	1	40.00	10
WILMK	12	7	20141007	1	38.00	4
WILMK	24	7	20141007	1	4.50	20
WHITC	17	8	20141008	3	39.00	20
WHITC	46	8	20141008	3	12.00	18
LINOD	19	3	20141008	1	9.20	7
LINOD	35	3	20141008	1	18.00	9
LINOD	58	3	20141008	1	13.30	30
LINOD	70	3	20141008	1	15.00	30
ERNSH	11	4	20141009	1	21.00	15
ERNSH	17	4	20141009	1	39.00	8
ERNSH	29	4	20141009	1	123.80	12
ERNSH	65	4	20141009	1	21.10	65
ERNSH	70	4	20141009	1	15.00	8
MORGK	47	3	20141009	3	9.50	12
SAVEA	1	3	20141010	1	18.00	5
SAVEA	34	3	20141010	1	14.00	12
SAVEA	68	3	20141010	1	12.50	40
SAVEA	71	3	20141010	1	21.50	60
HUNGO	59	6	20141013	3	55.00	42
HUNGO	71	6	20141013	3	21.50	20
HUNGO	76	6	20141013	3	18.00	35
ALFKI	3	4	20141013	1	10.00	6
ALFKI	76	4	20141013	1	18.00	15
FOLKO	2	6	20141014	2	19.00	5
FOLKO	59	6	20141014	2	55.00	35
FOLKO	73	6	20141014	2	15.00	35
QUEEN	4	6	20141014	1	22.00	6
QUEEN	24	6	20141014	1	4.50	35
QUEEN	48	6	20141014	1	12.80	24
HILAA	31	9	20141015	2	12.50	20
HILAA	32	9	20141015	2	32.00	4
OLDWO	16	8	20141016	3	17.50	20
OLDWO	43	8	20141016	3	46.00	24
OLDWO	59	8	20141016	3	55.00	8
AROUT	55	4	20141016	3	24.00	21
AROUT	57	4	20141016	3	19.50	40
AROUT	70	4	20141016	3	15.00	28
THEBI	5	6	20141017	2	21.40	4
THEBI	36	6	20141017	2	19.00	5
GOURL	8	1	20141017	3	40.00	40
GOURL	51	1	20141017	3	53.00	28
GOURL	60	1	20141017	3	34.00	10
FRANS	19	1	20141020	1	9.20	5
FRANS	47	1	20141020	1	9.50	5
SAVEA	19	5	20141021	2	9.20	12
SAVEA	41	5	20141021	2	9.70	42
SAVEA	53	5	20141021	2	32.80	120
HUNGO	53	3	20141021	1	32.80	3
HUNGO	56	3	20141021	1	38.00	30
SAVEA	10	1	20141022	1	31.00	18
SAVEA	26	1	20141022	1	31.20	30
SAVEA	45	1	20141022	1	9.50	110
SAVEA	46	1	20141022	1	12.00	24
SAVEA	2	5	20141022	3	19.00	30
SAVEA	17	5	20141022	3	39.00	27
SAVEA	47	5	20141022	3	9.50	50
SAVEA	56	5	20141022	3	38.00	18
SAVEA	58	5	20141022	3	13.30	12
BONAP	10	3	20141023	1	31.00	21
BONAP	71	3	20141023	1	21.50	30
RANCH	21	4	20141024	2	10.00	5
RANCH	51	4	20141024	2	53.00	7
RANCH	61	4	20141024	2	28.50	10
FRANK	21	1	20141024	2	10.00	32
FRANK	54	1	20141024	2	7.50	15
FRANK	69	1	20141024	2	36.00	25
KOENE	12	1	20141027	3	38.00	36
KOENE	16	1	20141027	3	17.50	20
KOENE	36	1	20141027	3	19.00	40
KOENE	62	1	20141027	3	49.30	20
LETSS	18	8	20141027	2	62.50	12
LETSS	30	8	20141027	2	25.90	3
LETSS	54	8	20141027	2	7.50	40
QUEDE	35	8	20141028	2	18.00	21
QUEDE	71	8	20141028	2	21.50	8
QUICK	44	5	20141029	3	19.50	50
SAVEA	2	8	20141029	1	19.00	3
SAVEA	31	8	20141029	1	12.50	50
SAVEA	68	8	20141029	1	12.50	45
SAVEA	75	8	20141029	1	7.80	42
WHITC	26	3	20141030	1	31.20	15
MEREP	10	8	20141030	2	31.00	16
MEREP	61	8	20141030	2	28.50	5
FAMIA	41	4	20141031	3	9.70	12
FAMIA	52	4	20141031	3	7.00	4
FAMIA	55	4	20141031	3	24.00	6
EASTC	4	4	20141103	1	22.00	25
EASTC	11	4	20141103	1	21.00	5
REGGC	17	2	20141103	1	39.00	20
REGGC	56	2	20141103	1	38.00	10
REGGC	59	2	20141103	1	55.00	10
QUEEN	30	4	20141104	2	25.90	15
QUEEN	40	4	20141104	2	18.40	6
QUEEN	55	4	20141104	2	24.00	12
QUEEN	60	4	20141104	2	34.00	15
LINOD	1	8	20141104	3	18.00	50
LINOD	21	8	20141104	3	10.00	30
LINOD	50	8	20141104	3	16.30	40
BONAP	16	5	20141105	1	17.50	15
BONAP	31	5	20141105	1	12.50	3
BONAP	65	5	20141105	1	21.10	10
CHOPS	21	7	20141106	1	10.00	40
CHOPS	51	7	20141106	1	53.00	30
BONAP	76	3	20141106	1	18.00	20
BERGS	14	1	20141107	3	23.30	16
BERGS	28	1	20141107	3	45.60	20
BERGS	52	1	20141107	3	7.00	25
GOURL	6	2	20141107	3	25.00	30
GOURL	30	2	20141107	3	25.90	15
GOURL	76	2	20141107	3	18.00	20
LETSS	61	6	20141110	2	28.50	20
LETSS	77	6	20141110	2	13.00	2
HUNGO	65	9	20141111	2	21.10	40
HUNGO	75	9	20141111	2	7.80	20
VINET	13	2	20141111	2	6.00	4
VINET	41	2	20141111	2	9.70	12
SPECD	16	2	20141112	1	17.50	3
VINET	36	3	20141112	3	19.00	6
VINET	52	3	20141112	3	7.00	18
WHITC	28	4	20141113	2	45.60	5
WHITC	35	4	20141113	2	18.00	35
WHITC	45	4	20141113	2	9.50	40
WHITC	56	4	20141113	2	38.00	14
AROUT	2	4	20141114	3	19.00	15
BOTTM	3	3	20141114	3	10.00	20
BOTTM	60	3	20141114	3	34.00	50
BOTTM	72	3	20141114	3	34.80	35
AROUT	46	1	20141117	2	12.00	28
VAFFE	40	6	20141117	1	18.40	50
QUICK	18	9	20141118	1	62.50	24
QUICK	44	9	20141118	1	19.50	16
QUICK	59	9	20141118	1	55.00	45
QUICK	72	9	20141118	1	34.80	7
CHOPS	13	1	20141119	3	6.00	6
CHOPS	42	1	20141119	3	14.00	28
CHOPS	62	1	20141119	3	49.30	9
CHOPS	69	1	20141119	3	36.00	40
PICCO	31	6	20141119	1	12.50	8
PICCO	41	6	20141119	1	9.70	35
PICCO	63	6	20141119	1	43.90	9
PICCO	69	6	20141119	1	36.00	30
SAVEA	23	3	20141120	1	9.00	44
SAVEA	40	3	20141120	1	18.40	40
SAVEA	56	3	20141120	1	38.00	28
ISLAT	56	4	20141120	2	38.00	15
ISLAT	59	4	20141120	2	55.00	6
ISLAT	76	4	20141120	2	18.00	10
WARTH	14	9	20141121	1	23.30	5
WARTH	45	9	20141121	1	9.50	40
WARTH	59	9	20141121	1	55.00	25
RICSU	26	3	20141124	3	31.20	12
RICSU	30	3	20141124	3	25.90	30
RICSU	50	3	20141124	3	16.30	20
RICSU	73	3	20141124	3	15.00	15
NORTS	1	2	20141124	3	18.00	8
NORTS	69	2	20141124	3	36.00	3
FRANS	45	3	20141125	1	9.50	4
FRANS	74	3	20141125	1	10.00	5
MAGAA	40	6	20141125	3	18.40	3
BONAP	47	4	20141126	2	9.50	30
BONAP	56	4	20141126	2	38.00	30
BONAP	57	4	20141126	2	19.50	14
BONAP	69	4	20141126	2	36.00	25
SPLIR	18	8	20141127	2	62.50	21
SPLIR	36	8	20141127	2	19.00	20
SPLIR	68	8	20141127	2	12.50	6
SPLIR	69	8	20141127	2	36.00	20
SAVEA	34	6	20141127	1	14.00	30
SAVEA	59	6	20141127	1	55.00	7
SAVEA	62	6	20141127	1	49.30	30
SAVEA	64	6	20141127	1	33.30	24
RICSU	26	3	20141128	3	31.20	20
RICSU	52	3	20141128	3	7.00	60
RICSU	70	3	20141128	3	15.00	40
ANATR	32	3	20141128	3	32.00	10
MAISD	25	4	20141201	1	14.00	12
MAISD	27	4	20141201	1	43.90	40
MAISD	43	4	20141201	1	46.00	30
RATTC	25	5	20141202	2	14.00	35
RATTC	75	5	20141202	2	7.80	18
FOLKO	39	3	20141202	1	18.00	16
FOLKO	47	3	20141202	1	9.50	30
FOLKO	51	3	20141202	1	53.00	28
FOLKO	56	3	20141202	1	38.00	60
FOLIG	21	3	20141203	3	10.00	40
FOLIG	22	3	20141203	3	21.00	6
FOLIG	24	3	20141203	3	4.50	20
ERNSH	3	6	20141203	3	10.00	20
ERNSH	39	6	20141203	3	18.00	130
QUICK	65	3	20141204	3	21.10	80
OTTIK	2	4	20141205	1	19.00	40
OTTIK	7	4	20141205	1	30.00	35
OTTIK	68	4	20141205	1	12.50	40
SUPRD	42	4	20141205	3	14.00	2
AROUT	22	3	20141208	2	21.00	4
AROUT	31	3	20141208	2	12.50	50
AROUT	60	3	20141208	2	34.00	15
AROUT	71	3	20141208	2	21.50	12
VAFFE	41	3	20141208	1	9.70	30
VAFFE	52	3	20141208	1	7.00	15
VAFFE	61	3	20141208	1	28.50	20
VAFFE	62	3	20141208	1	49.30	15
HANAR	11	8	20141209	3	21.00	15
ERNSH	71	9	20141210	2	21.50	16
LEHMS	29	3	20141210	2	123.80	18
LEHMS	59	3	20141210	2	55.00	25
ERNSH	17	1	20141211	3	39.00	33
ERNSH	31	1	20141211	3	12.50	70
ERNSH	75	1	20141211	3	7.80	7
FOLKO	31	4	20141211	1	12.50	2
FOLKO	66	4	20141211	1	17.00	50
THECR	10	7	20141212	1	31.00	6
THECR	67	7	20141212	1	14.00	3
ERNSH	31	1	20141215	3	12.50	16
ERNSH	42	1	20141215	3	14.00	12
ERNSH	45	1	20141215	3	9.50	27
ERNSH	51	1	20141215	3	53.00	120
GOURL	42	7	20141215	2	14.00	20
BERGS	41	3	20141216	1	9.70	10
MORGK	16	3	20141216	2	17.50	20
MORGK	62	3	20141216	2	49.30	20
LILAS	70	2	20141216	1	15.00	35
LILAS	77	2	20141216	1	13.00	15
WARTH	54	2	20141217	3	7.50	3
WARTH	56	2	20141217	3	38.00	20
WARTH	74	2	20141217	3	10.00	35
CACTU	31	9	20141217	3	12.50	1
HANAR	31	4	20141218	2	12.50	10
HANAR	38	4	20141218	2	263.50	5
MAGAA	36	4	20141218	3	19.00	30
MAGAA	39	4	20141218	3	18.00	2
MAGAA	72	4	20141218	3	34.80	30
GROSR	10	1	20141218	3	31.00	10
GROSR	75	1	20141218	3	7.80	10
QUEEN	8	8	20141219	1	40.00	30
QUEEN	30	8	20141219	1	25.90	15
QUEEN	75	8	20141219	1	7.80	42
LAMAI	2	2	20141219	1	19.00	15
LAMAI	29	2	20141219	1	123.80	20
QUICK	19	1	20141222	2	9.20	50
QUICK	75	1	20141222	2	7.80	40
FOLIG	18	1	20141222	2	62.50	30
FOLIG	35	1	20141222	2	18.00	15
FOLIG	63	1	20141222	2	43.90	30
FOLIG	68	1	20141222	2	12.50	18
GOURL	7	6	20141222	1	30.00	3
GOURL	56	6	20141222	1	38.00	20
FRANK	29	6	20141223	2	123.80	14
FRANK	41	6	20141223	2	9.70	20
WOLZA	2	1	20141223	3	19.00	10
WOLZA	54	1	20141223	3	7.50	3
WOLZA	68	1	20141223	3	12.50	15
AROUT	41	3	20141224	3	9.70	14
AROUT	52	3	20141224	3	7.00	8
QUEDE	14	6	20141224	1	23.30	15
QUEDE	54	6	20141224	1	7.50	6
ERNSH	16	8	20141224	2	17.50	65
ERNSH	17	8	20141224	2	39.00	35
HILAA	26	3	20141225	1	31.20	21
HILAA	44	3	20141225	1	19.50	10
HILAA	64	3	20141225	1	33.30	35
HILAA	69	3	20141225	1	36.00	24
DRACD	11	7	20141225	2	21.00	20
ISLAT	62	2	20141226	1	49.30	2
ISLAT	72	2	20141226	1	34.80	10
KOENE	13	9	20141226	3	6.00	20
KOENE	24	9	20141226	3	4.50	20
KOENE	59	9	20141226	3	55.00	25
SEVES	11	1	20141226	3	21.00	50
SEVES	51	1	20141226	3	53.00	10
SEVES	54	1	20141226	3	7.50	7
BOLID	17	4	20141229	2	39.00	40
BOLID	29	4	20141229	2	123.80	20
SIMOB	30	4	20141229	2	25.90	25
SIMOB	51	4	20141229	2	53.00	30
SIMOB	55	4	20141229	2	24.00	60
SIMOB	62	4	20141229	2	49.30	5
WELLI	19	4	20141230	1	9.20	24
WELLI	25	4	20141230	1	14.00	15
WELLI	59	4	20141230	1	55.00	15
SEVES	10	6	20141230	2	31.00	36
SEVES	28	6	20141230	2	45.60	24
SEVES	49	6	20141230	2	20.00	4
THEBI	34	2	20141230	3	14.00	10
THEBI	38	2	20141230	3	263.50	10
VICTE	2	3	20141231	2	19.00	20
VICTE	65	3	20141231	2	21.10	2
VICTE	74	3	20141231	2	10.00	15
FRANS	40	4	20141231	1	18.40	1
OLDWO	56	2	20150101	3	38.00	20
OLDWO	76	2	20150101	3	18.00	50
WELLI	52	7	20150101	1	7.00	20
LAUGB	13	2	20150101	3	6.00	7
LAUGB	25	2	20150101	3	14.00	5
LAUGB	70	2	20150101	3	15.00	5
LINOD	19	8	20150102	1	9.20	15
LINOD	23	8	20150102	1	9.00	18
LINOD	40	8	20150102	1	18.40	30
REGGC	31	5	20150102	1	12.50	16
REGGC	72	5	20150102	1	34.80	40
REGGC	77	5	20150102	1	13.00	20
RICAR	2	1	20150105	1	19.00	12
RICAR	46	1	20150105	1	12.00	35
VICTE	41	3	20150105	3	9.70	20
VICTE	43	3	20150105	3	46.00	20
VICTE	48	3	20150105	3	12.80	8
VICTE	61	3	20150105	3	28.50	30
SAVEA	33	2	20150105	3	2.50	16
GREAL	38	4	20150106	2	263.50	30
GREAL	62	4	20150106	2	49.30	20
KOENE	26	3	20150106	2	31.20	40
KOENE	38	3	20150106	2	263.50	30
KOENE	40	3	20150106	2	18.40	60
KOENE	62	3	20150106	2	49.30	25
MAGAA	32	7	20150107	3	32.00	20
MAGAA	41	7	20150107	3	9.70	20
CACTU	43	2	20150107	3	46.00	7
CACTU	75	2	20150107	3	7.80	20
RATTC	56	3	20150107	2	38.00	30
SPLIR	35	1	20150108	1	18.00	20
SPLIR	51	1	20150108	1	53.00	6
TRAIH	62	6	20150108	3	49.30	3
TRAIH	70	6	20150108	3	15.00	6
LILAS	11	5	20150109	2	21.00	20
LILAS	57	5	20150109	2	19.50	15
LILAS	59	5	20150109	2	55.00	40
LILAS	77	5	20150109	2	13.00	15
FOLKO	41	8	20150109	1	9.70	12
FOLKO	70	8	20150109	1	15.00	9
DRACD	26	1	20150109	1	31.20	12
DRACD	53	1	20150109	1	32.80	20
BLONP	31	6	20150112	1	12.50	35
BLONP	57	6	20150112	1	19.50	15
BONAP	10	1	20150112	2	31.00	15
BONAP	39	1	20150112	2	18.00	21
RANCH	20	9	20150113	1	81.00	5
RANCH	38	9	20150113	1	263.50	2
ISLAT	2	9	20150113	1	19.00	10
ISLAT	8	9	20150113	1	40.00	20
ISLAT	13	9	20150113	1	6.00	10
ISLAT	60	9	20150113	1	34.00	21
TRADH	6	4	20150113	2	25.00	6
TRADH	39	4	20150113	2	18.00	28
TRADH	60	4	20150113	2	34.00	30
TRADH	68	4	20150113	2	12.50	24
SANTG	19	3	20150114	2	9.20	2
SANTG	35	3	20150114	2	18.00	8
SANTG	38	3	20150114	2	263.50	8
SANTG	43	3	20150114	2	46.00	9
LAMAI	13	2	20150114	2	6.00	3
LAMAI	25	2	20150114	2	14.00	10
LAMAI	44	2	20150114	2	19.50	16
LAMAI	64	2	20150114	2	33.30	3
OTTIK	7	6	20150115	2	30.00	20
OTTIK	31	6	20150115	2	12.50	9
OTTIK	53	6	20150115	2	32.80	9
TRADH	29	1	20150115	3	123.80	8
TRADH	30	1	20150115	3	25.90	20
ALFKI	59	1	20150115	3	55.00	15
ALFKI	77	1	20150115	3	13.00	2
ERNSH	22	7	20150116	1	21.00	52
ERNSH	35	7	20150116	1	18.00	6
ERNSH	57	7	20150116	1	19.50	24
ERNSH	60	7	20150116	1	34.00	60
ERNSH	64	7	20150116	1	33.30	30
BERGS	13	9	20150116	3	6.00	6
BERGS	40	9	20150116	3	18.40	25
BERGS	47	9	20150116	3	9.50	40
BERGS	76	9	20150116	3	18.00	21
LINOD	1	3	20150119	3	18.00	4
LINOD	18	3	20150119	3	62.50	25
LINOD	36	3	20150119	3	19.00	50
TRADH	58	3	20150119	3	13.30	30
TRADH	72	3	20150119	3	34.80	15
LINOD	25	4	20150119	2	14.00	6
LINOD	39	4	20150119	2	18.00	10
SUPRD	10	5	20150120	2	31.00	16
SUPRD	56	5	20150120	2	38.00	30
SUPRD	59	5	20150120	2	55.00	50
SUPRD	77	5	20150120	2	13.00	15
TORTU	11	1	20150120	3	21.00	15
TORTU	43	1	20150120	3	46.00	5
TORTU	68	1	20150120	3	12.50	20
TORTU	70	1	20150120	3	15.00	12
VICTE	51	4	20150121	2	53.00	4
PICCO	22	8	20150121	2	21.00	35
QUICK	23	8	20150121	1	9.00	70
QUICK	35	8	20150121	1	18.00	25
QUICK	42	8	20150121	1	14.00	42
QUICK	58	8	20150121	1	13.30	60
QUICK	64	8	20150121	1	33.30	48
SUPRD	4	2	20150122	3	22.00	21
SUPRD	70	2	20150122	3	15.00	30
SUPRD	74	2	20150122	3	10.00	20
SAVEA	1	4	20150122	3	18.00	80
SAVEA	19	4	20150122	3	9.20	12
SAVEA	37	4	20150122	3	26.00	60
SAVEA	45	4	20150122	3	9.50	36
SAVEA	60	4	20150122	3	34.00	45
SAVEA	71	4	20150122	3	21.50	55
CONSH	5	7	20150123	2	21.40	30
CONSH	9	7	20150123	2	97.00	3
KOENE	3	9	20150123	2	10.00	49
KOENE	26	9	20150123	2	31.20	18
VICTE	25	1	20150123	1	14.00	20
VICTE	33	1	20150123	1	2.50	4
VICTE	70	1	20150123	1	15.00	30
RICAR	2	5	20150126	1	19.00	5
RICAR	25	5	20150126	1	14.00	10
RICAR	57	5	20150126	1	19.50	10
RICAR	59	5	20150126	1	55.00	42
RATTC	2	8	20150126	1	19.00	15
RATTC	17	8	20150126	1	39.00	6
RATTC	62	8	20150126	1	49.30	50
BLAUS	18	9	20150127	2	62.50	10
ERNSH	10	3	20150127	2	31.00	100
ERNSH	13	3	20150127	2	6.00	65
OLDWO	16	3	20150127	1	17.50	50
OLDWO	31	3	20150127	1	12.50	14
OLDWO	56	3	20150127	1	38.00	24
OLDWO	65	3	20150127	1	21.10	15
ANTON	2	3	20150128	2	19.00	20
ANTON	42	3	20150128	2	14.00	20
BERGS	3	8	20150128	2	10.00	30
BERGS	26	8	20150128	2	31.20	35
BERGS	29	8	20150128	2	123.80	10
LACOR	7	2	20150129	1	30.00	5
LACOR	27	2	20150129	1	43.90	10
LACOR	70	2	20150129	1	15.00	4
FRANK	24	1	20150129	2	4.50	40
FRANK	54	1	20150129	2	7.50	35
FRANK	64	1	20150129	2	33.30	30
FRANR	51	3	20150129	3	53.00	3
FRANR	76	3	20150129	3	18.00	20
WHITC	17	4	20150130	2	39.00	42
WHITC	18	4	20150130	2	62.50	20
WHITC	21	4	20150130	2	10.00	40
WHITC	33	4	20150130	2	2.50	35
WHITC	62	4	20150130	2	49.30	3
LEHMS	11	8	20150130	2	21.00	25
LEHMS	52	8	20150130	2	7.00	8
HILAA	1	4	20150202	2	18.00	20
HILAA	58	4	20150202	2	13.30	12
AROUT	35	4	20150202	2	18.00	4
AROUT	67	4	20150202	2	14.00	15
QUICK	38	2	20150202	1	263.50	60
QUICK	39	2	20150202	1	18.00	80
BERGS	2	5	20150203	1	19.00	21
BERGS	24	5	20150203	1	4.50	6
BERGS	30	5	20150203	1	25.90	40
LONEP	53	6	20150203	1	32.80	3
QUEEN	26	7	20150204	2	31.20	20
QUEEN	35	7	20150204	2	18.00	30
QUEEN	49	7	20150204	2	20.00	42
SEVES	1	5	20150204	1	18.00	40
SEVES	11	5	20150204	1	21.00	10
SEVES	23	5	20150204	1	9.00	50
SEVES	68	5	20150204	1	12.50	20
WOLZA	35	5	20150204	3	18.00	3
WOLZA	51	5	20150204	3	53.00	2
BONAP	6	9	20150205	2	25.00	50
BONAP	16	9	20150205	2	17.50	12
BONAP	17	9	20150205	2	39.00	16
GODOS	55	5	20150205	2	24.00	10
GODOS	62	5	20150205	2	49.30	20
GODOS	64	5	20150205	2	33.30	15
GODOS	65	5	20150205	2	21.10	21
WILMK	21	4	20150206	1	10.00	20
WILMK	28	4	20150206	1	45.60	3
GODOS	10	5	20150206	2	31.00	10
BERGS	19	4	20150206	2	9.20	25
BERGS	47	4	20150206	2	9.50	21
BERGS	49	4	20150206	2	20.00	15
BONAP	46	7	20150209	3	12.00	21
BONAP	64	7	20150209	3	33.30	20
RICAR	16	1	20150209	1	17.50	30
RICAR	18	1	20150209	1	62.50	25
QUICK	20	4	20150210	1	81.00	20
WILMK	40	3	20150210	3	18.40	12
WILMK	65	3	20150210	3	21.10	10
WILMK	76	3	20150210	3	18.00	10
FOLKO	23	7	20150210	1	9.00	30
FOLKO	61	7	20150210	1	28.50	30
FOLKO	70	7	20150210	1	15.00	50
CACTU	73	4	20150211	1	15.00	10
SAVEA	42	4	20150211	3	14.00	25
SAVEA	49	4	20150211	3	20.00	20
SAVEA	54	4	20150211	3	7.50	32
LONEP	24	8	20150212	3	4.50	8
LETSS	21	4	20150212	2	10.00	40
LETSS	56	4	20150212	2	38.00	21
LETSS	65	4	20150212	2	21.10	12
SUPRD	2	6	20150212	3	19.00	20
SUPRD	24	6	20150212	3	4.50	12
SUPRD	70	6	20150212	3	15.00	30
SUPRD	77	6	20150212	3	13.00	25
HANAR	10	1	20150213	1	31.00	70
HANAR	31	1	20150213	1	12.50	35
HANAR	77	1	20150213	1	13.00	40
GALED	25	8	20150213	3	14.00	5
GODOS	2	1	20150216	2	19.00	20
GODOS	68	1	20150216	2	12.50	18
RATTC	11	9	20150216	3	21.00	40
RATTC	38	9	20150216	3	263.50	40
DUMON	17	7	20150216	1	39.00	15
DUMON	34	7	20150216	1	14.00	10
DUMON	41	7	20150216	1	9.70	14
LEHMS	30	7	20150217	2	25.90	15
MAISD	59	4	20150217	2	55.00	40
KOENE	8	9	20150218	2	40.00	30
KOENE	24	9	20150218	2	4.50	10
KOENE	29	9	20150218	2	123.80	24
KOENE	30	9	20150218	2	25.90	35
KOENE	36	9	20150218	2	19.00	20
SAVEA	13	1	20150218	1	6.00	28
SAVEA	69	1	20150218	1	36.00	50
SAVEA	75	1	20150218	1	7.80	120
ERNSH	24	3	20150218	1	4.50	110
ERNSH	39	3	20150218	1	18.00	45
ERNSH	40	3	20150218	1	18.40	91
ERNSH	60	3	20150218	1	34.00	100
MAISD	45	7	20150219	3	9.50	15
MAISD	56	7	20150219	3	38.00	16
HUNGO	29	3	20150219	2	123.80	80
HUNGO	30	3	20150219	2	25.90	36
OCEAN	13	4	20150220	2	6.00	5
LILAS	39	5	20150220	3	18.00	8
WELLI	70	1	20150220	2	15.00	3
HILAA	41	4	20150223	1	9.70	30
HILAA	71	4	20150223	1	21.50	30
FOLKO	55	1	20150223	1	24.00	30
FOLKO	62	1	20150223	1	49.30	6
HANAR	13	3	20150224	3	6.00	40
HANAR	65	3	20150224	3	21.10	21
HANAR	68	3	20150224	3	12.50	20
WHITC	58	3	20150224	3	13.30	15
WHITC	62	3	20150224	3	49.30	35
WELLI	1	9	20150224	2	18.00	20
WOLZA	61	4	20150225	3	28.50	15
SPECD	75	6	20150225	3	7.80	14
REGGC	7	4	20150226	2	30.00	20
REGGC	52	4	20150226	2	7.00	14
SANTG	7	1	20150226	2	30.00	12
SANTG	16	1	20150226	2	17.50	15
SANTG	41	1	20150226	2	9.70	5
WILMK	19	1	20150226	3	9.20	12
WILMK	49	1	20150226	3	20.00	10
WILMK	61	1	20150226	3	28.50	5
GODOS	1	3	20150226	1	18.00	10
GODOS	17	3	20150226	1	39.00	12
GODOS	67	3	20150226	1	14.00	15
HUNGO	11	2	20150226	2	21.00	40
HUNGO	29	2	20150226	2	123.80	60
QUEEN	4	4	20150226	1	22.00	30
QUEEN	33	4	20150226	1	2.50	40
QUEEN	58	4	20150226	1	13.30	15
QUEEN	71	6	20150227	1	21.50	25
TORTU	17	2	20150227	2	39.00	10
TORTU	33	2	20150227	2	2.50	30
TORTU	54	2	20150227	2	7.50	10
RANCH	16	1	20150227	2	17.50	6
RANCH	32	1	20150227	2	32.00	6
RANCH	57	1	20150227	2	19.50	20
ROMEY	30	4	20150302	2	25.90	1
ROMEY	60	4	20150302	2	34.00	10
BOTTM	1	3	20150302	3	18.00	60
BOTTM	60	3	20150302	3	34.00	25
LINOD	16	2	20150302	2	17.50	24
LINOD	25	2	20150302	2	14.00	24
LINOD	40	2	20150302	2	18.40	20
AROUT	50	4	20150303	2	16.30	24
VAFFE	35	1	20150303	1	18.00	10
VAFFE	63	1	20150303	1	43.90	40
HANAR	17	5	20150303	3	39.00	15
HANAR	24	5	20150303	3	4.50	35
LAMAI	42	7	20150303	3	14.00	10
LAMAI	43	7	20150303	3	46.00	10
LAMAI	67	7	20150303	3	14.00	24
BERGS	10	3	20150304	2	31.00	20
BERGS	28	3	20150304	2	45.60	30
BERGS	75	3	20150304	2	7.80	6
HANAR	36	3	20150304	1	19.00	25
HANAR	52	3	20150304	1	7.00	12
ANATR	11	4	20150304	3	21.00	2
ANATR	13	4	20150304	3	6.00	10
ANATR	19	4	20150304	3	9.20	7
ANATR	72	4	20150304	3	34.80	10
LACOR	20	4	20150305	1	81.00	5
LACOR	52	4	20150305	1	7.00	5
LACOR	76	4	20150305	1	18.00	20
GALED	47	1	20150305	1	9.50	5
GALED	76	1	20150305	1	18.00	5
FRANK	21	6	20150305	1	10.00	60
FRANK	75	6	20150305	1	7.80	49
FRANK	77	6	20150305	1	13.00	15
SUPRD	21	4	20150306	3	10.00	36
SUPRD	27	4	20150306	3	43.90	25
SUPRD	55	4	20150306	3	24.00	25
SUPRD	58	4	20150306	3	13.30	30
RICSU	13	4	20150306	2	6.00	42
RICSU	57	4	20150306	2	19.50	30
BONAP	16	8	20150306	1	17.50	30
BONAP	62	8	20150306	1	49.30	14
BONAP	72	8	20150306	1	34.80	16
BONAP	75	8	20150306	1	7.80	20
ISLAT	53	6	20150306	3	32.80	2
ISLAT	61	6	20150306	3	28.50	30
LEHMS	6	3	20150309	3	25.00	20
WELLI	1	4	20150309	3	18.00	21
WELLI	18	4	20150309	3	62.50	4
WELLI	23	4	20150309	3	9.00	8
GREAL	36	3	20150309	2	19.00	30
CACTU	28	7	20150310	3	45.60	8
CACTU	34	7	20150310	3	14.00	20
QUICK	13	3	20150310	2	6.00	20
QUICK	43	3	20150310	2	46.00	24
QUICK	60	3	20150310	2	34.00	49
QUICK	71	3	20150310	2	21.50	35
MAGAA	2	2	20150310	2	19.00	10
MAGAA	67	2	20150310	2	14.00	40
BONAP	7	8	20150311	3	30.00	8
BONAP	13	8	20150311	3	6.00	20
SAVEA	31	7	20150311	2	12.50	44
SAVEA	62	7	20150311	2	49.30	30
SAVEA	68	7	20150311	2	12.50	80
SAVEA	72	7	20150311	2	34.80	50
REGGC	49	9	20150311	3	20.00	28
BSBEV	13	4	20150311	2	6.00	15
BSBEV	22	4	20150311	2	21.00	21
BSBEV	46	4	20150311	2	12.00	15
BOTTM	11	6	20150312	3	21.00	5
BOTTM	44	6	20150312	3	19.50	18
BOTTM	56	6	20150312	3	38.00	18
MORGK	13	4	20150312	1	6.00	20
MORGK	31	4	20150312	1	12.50	10
VAFFE	10	1	20150312	2	31.00	25
VAFFE	24	1	20150312	2	4.50	25
VAFFE	77	1	20150312	2	13.00	40
BSBEV	59	3	20150313	2	55.00	4
GODOS	50	3	20150313	3	16.30	9
GODOS	51	3	20150313	3	53.00	40
GODOS	55	3	20150313	3	24.00	4
BOTTM	6	2	20150313	3	25.00	12
BOTTM	10	2	20150313	3	31.00	30
BOTTM	17	2	20150313	3	39.00	6
BOTTM	62	2	20150313	3	49.30	60
MAGAA	4	1	20150316	2	22.00	5
RICSU	33	9	20150316	2	2.50	15
RICSU	41	9	20150316	2	9.70	6
RICSU	75	9	20150316	2	7.80	50
ALFKI	6	1	20150316	1	25.00	16
ALFKI	28	1	20150316	1	45.60	2
AROUT	20	9	20150316	2	81.00	50
AROUT	31	9	20150316	2	12.50	50
LINOD	16	5	20150317	1	17.50	28
LINOD	31	5	20150317	1	12.50	25
LINOD	45	5	20150317	1	9.50	30
LINOD	60	5	20150317	1	34.00	24
FOLKO	75	8	20150317	2	7.80	12
BLAUS	21	6	20150317	2	10.00	12
BLAUS	47	6	20150317	2	9.50	14
BLAUS	51	6	20150317	2	53.00	8
HILAA	30	8	20150318	3	25.90	30
HILAA	35	8	20150318	3	18.00	40
HILAA	64	8	20150318	3	33.30	8
OCEAN	5	7	20150318	2	21.40	20
OCEAN	7	7	20150318	2	30.00	6
OCEAN	72	7	20150318	2	34.80	5
GOURL	75	6	20150318	2	7.80	20
HILAA	24	3	20150319	1	4.50	10
HILAA	41	3	20150319	1	9.70	24
QUEEN	52	8	20150319	1	7.00	6
QUEEN	76	8	20150319	1	18.00	60
QUICK	7	8	20150319	2	30.00	45
QUICK	13	8	20150319	2	6.00	77
QUICK	53	8	20150319	2	32.80	20
QUICK	69	8	20150319	2	36.00	9
QUICK	76	8	20150319	2	18.00	44
FURIB	60	9	20150319	3	34.00	2
SPECD	18	3	20150320	2	62.50	6
SPECD	38	3	20150320	2	263.50	5
SPECD	69	3	20150320	2	36.00	10
OLDWO	51	6	20150320	3	53.00	16
CHOPS	37	4	20150320	1	26.00	8
CHOPS	56	4	20150320	1	38.00	12
CHOPS	62	4	20150320	1	49.30	12
TOMSP	19	2	20150323	2	9.20	12
TOMSP	49	2	20150323	2	20.00	40
ERNSH	12	1	20150323	3	38.00	30
ERNSH	24	1	20150323	3	4.50	30
ERNSH	64	1	20150323	3	33.30	4
COMMI	46	1	20150323	2	12.00	9
BOLID	52	9	20150324	1	7.00	40
FRANR	29	2	20150324	2	123.80	14
LACOR	17	4	20150324	2	39.00	6
LACOR	33	4	20150324	2	2.50	7
LACOR	26	6	20150324	2	31.20	5
LACOR	41	6	20150324	2	9.70	6
LACOR	75	6	20150324	2	7.80	10
SPLIR	63	3	20150325	3	43.90	10
BOTTM	8	1	20150325	3	40.00	16
BOTTM	75	1	20150325	3	7.80	10
HILAA	28	1	20150325	1	45.60	20
FOLKO	39	8	20150326	3	18.00	30
FOLKO	47	8	20150326	3	9.50	30
FOLKO	51	8	20150326	3	53.00	10
FOLKO	63	8	20150326	3	43.90	20
MAISD	8	9	20150326	2	40.00	20
MAISD	21	9	20150326	2	10.00	40
MAISD	40	9	20150326	2	18.40	10
MAISD	44	9	20150326	2	19.50	6
ERNSH	7	8	20150326	2	30.00	18
ERNSH	12	8	20150326	2	38.00	20
ERNSH	24	8	20150326	2	4.50	80
ERNSH	27	8	20150326	2	43.90	30
ERNSH	31	8	20150326	2	12.50	24
ERNSH	63	8	20150326	2	43.90	35
FOLKO	75	4	20150327	1	7.80	40
HANAR	38	1	20150327	2	263.50	60
BOTTM	7	2	20150327	1	30.00	20
BOTTM	43	2	20150327	1	46.00	9
SAVEA	13	2	20150327	2	6.00	84
SAVEA	57	2	20150327	2	19.50	15
SAVEA	16	1	20150330	3	17.50	55
SAVEA	24	1	20150330	3	4.50	20
SAVEA	36	1	20150330	3	19.00	40
HUNGO	16	2	20150330	1	17.50	36
HUNGO	18	2	20150330	1	62.50	8
HUNGO	32	2	20150330	1	32.00	35
OCEAN	11	8	20150330	2	21.00	30
OCEAN	20	8	20150330	2	81.00	15
OCEAN	76	8	20150330	2	18.00	10
OCEAN	77	8	20150330	2	13.00	15
EASTC	7	8	20150331	1	30.00	60
EASTC	43	8	20150331	1	46.00	6
EASTC	72	8	20150331	1	34.80	20
RATTC	7	3	20150331	2	30.00	60
RATTC	62	3	20150331	2	49.30	40
QUEDE	6	2	20150331	1	25.00	40
QUEDE	11	2	20150331	1	21.00	15
QUEDE	41	2	20150331	1	9.70	4
ERNSH	21	2	20150401	3	10.00	65
ERNSH	34	2	20150401	3	14.00	60
ERNSH	55	2	20150401	3	24.00	65
ERNSH	61	2	20150401	3	28.50	66
QUICK	2	1	20150401	1	19.00	50
QUICK	70	1	20150401	1	15.00	20
QUICK	76	1	20150401	1	18.00	90
THEBI	72	1	20150401	3	34.80	2
FOLKO	29	7	20150401	3	123.80	50
FOLKO	41	7	20150401	3	9.70	35
VAFFE	59	2	20150402	3	55.00	18
PERIC	51	1	20150402	3	53.00	20
PERIC	60	1	20150402	3	34.00	4
QUICK	42	4	20150402	2	14.00	40
LILAS	32	8	20150403	2	32.00	50
LILAS	46	8	20150403	2	12.00	20
LILAS	52	8	20150403	2	7.00	20
WOLZA	24	8	20150403	2	4.50	12
WOLZA	61	8	20150403	2	28.50	7
WOLZA	74	8	20150403	2	10.00	20
WOLZA	75	8	20150403	2	7.80	30
OTTIK	41	6	20150403	2	9.70	20
OTTIK	51	6	20150403	2	53.00	15
OTTIK	77	6	20150403	2	13.00	21
RATTC	4	2	20150406	3	22.00	25
RATTC	24	2	20150406	3	4.50	30
RATTC	77	2	20150406	3	13.00	30
FOLKO	7	2	20150406	2	30.00	60
FOLKO	22	2	20150406	2	21.00	25
FOLKO	46	2	20150406	2	12.00	25
FOLKO	55	2	20150406	2	24.00	6
SAVEA	13	4	20150406	1	6.00	56
SAVEA	35	4	20150406	1	18.00	15
SAVEA	42	4	20150406	1	14.00	24
SAVEA	55	4	20150406	1	24.00	40
THECR	1	3	20150406	3	18.00	4
THECR	40	3	20150406	3	18.40	10
THECR	52	3	20150406	3	7.00	10
MAISD	26	3	20150407	1	31.20	6
MAISD	76	3	20150407	1	18.00	6
WILMK	1	2	20150407	1	18.00	2
WILMK	59	2	20150407	1	55.00	10
GREAL	1	3	20150407	2	18.00	8
GREAL	29	3	20150407	2	123.80	2
PRINI	8	8	20150408	2	40.00	30
PRINI	29	8	20150408	2	123.80	10
PRINI	42	8	20150408	2	14.00	14
ERNSH	28	7	20150408	3	45.60	70
ERNSH	34	7	20150408	3	14.00	90
ERNSH	71	7	20150408	3	21.50	21
GODOS	24	2	20150408	1	4.50	12
GODOS	36	2	20150408	1	19.00	18
GODOS	60	2	20150408	1	34.00	9
REGGC	7	2	20150409	2	30.00	20
REGGC	24	2	20150409	2	4.50	10
ALFKI	58	3	20150409	1	13.30	40
ALFKI	71	3	20150409	1	21.50	20
FRANK	19	1	20150409	3	9.20	50
FRANK	60	1	20150409	3	34.00	36
FRANK	71	1	20150409	3	21.50	60
ROMEY	23	2	20150409	1	9.00	10
ROMEY	42	2	20150409	1	14.00	4
ROMEY	45	2	20150409	1	9.50	20
ROMEY	68	2	20150409	1	12.50	2
LINOD	41	2	20150410	3	9.70	28
SANTG	30	2	20150410	2	25.90	15
SANTG	77	2	20150410	2	13.00	18
AROUT	31	9	20150410	2	12.50	15
AROUT	36	9	20150410	2	19.00	16
ERNSH	3	9	20150413	2	10.00	25
ERNSH	59	9	20150413	2	55.00	110
ERNSH	70	9	20150413	2	15.00	30
LONEP	12	4	20150413	2	38.00	20
LONEP	18	4	20150413	2	62.50	10
LONEP	56	4	20150413	2	38.00	5
RANCH	46	6	20150413	3	12.00	3
RANCH	49	6	20150413	3	20.00	2
OTTIK	10	2	20150414	2	31.00	24
QUICK	2	3	20150414	1	19.00	11
QUICK	20	3	20150414	1	81.00	15
QUICK	26	3	20150414	1	31.20	63
QUICK	51	3	20150414	1	53.00	44
QUICK	72	3	20150414	1	34.80	35
HANAR	19	9	20150414	2	9.20	35
HANAR	69	9	20150414	2	36.00	30
BSBEV	7	1	20150414	2	30.00	4
BSBEV	43	1	20150414	2	46.00	30
EASTC	26	4	20150415	1	31.20	12
EASTC	33	4	20150415	1	2.50	30
EASTC	65	4	20150415	1	21.10	21
EASTC	71	4	20150415	1	21.50	50
WARTH	1	6	20150415	3	18.00	10
WARTH	13	6	20150415	3	6.00	20
FRANS	18	4	20150415	1	62.50	8
FRANS	51	4	20150415	1	53.00	10
BOTTM	24	1	20150416	1	4.50	30
BOTTM	62	1	20150416	1	49.30	21
KOENE	55	2	20150416	1	24.00	35
KOENE	59	2	20150416	1	55.00	24
CHOPS	56	4	20150416	1	38.00	20
CHOPS	63	4	20150416	1	43.90	12
SAVEA	2	7	20150417	2	19.00	100
SAVEA	5	7	20150417	2	21.40	70
SAVEA	29	7	20150417	2	123.80	60
SAVEA	59	7	20150417	2	55.00	100
SAVEA	1	6	20150417	2	18.00	45
SAVEA	13	6	20150417	2	6.00	80
SAVEA	24	6	20150417	2	4.50	21
SAVEA	64	6	20150417	2	33.30	20
SAVEA	71	6	20150417	2	21.50	16
WHITC	36	2	20150417	3	19.00	35
WHITC	38	2	20150417	3	263.50	25
WHITC	59	2	20150417	3	55.00	30
RICSU	53	7	20150417	3	32.80	70
RICSU	69	7	20150417	3	36.00	36
OLDWO	21	8	20150420	1	10.00	15
OLDWO	44	8	20150420	1	19.50	12
OLDWO	61	8	20150420	1	28.50	6
SUPRD	1	2	20150420	2	18.00	10
SUPRD	35	2	20150420	2	18.00	60
SUPRD	42	2	20150420	2	14.00	30
SUPRD	54	2	20150420	2	7.50	10
DRACD	13	8	20150420	3	6.00	7
DRACD	59	8	20150420	3	55.00	30
GODOS	70	7	20150421	1	15.00	4
SUPRD	40	1	20150421	2	18.40	5
SUPRD	52	1	20150421	2	7.00	2
SUPRD	71	1	20150421	2	21.50	30
LINOD	28	1	20150421	2	45.60	20
LINOD	35	1	20150421	2	18.00	24
LINOD	49	1	20150421	2	20.00	60
LINOD	57	1	20150421	2	19.50	28
GREAL	21	4	20150422	3	10.00	20
CHOPS	2	3	20150422	2	19.00	30
CHOPS	63	3	20150422	2	43.90	30
COMMI	44	2	20150422	1	19.50	15
COMMI	61	2	20150422	1	28.50	4
SPECD	11	5	20150422	2	21.00	10
WOLZA	62	4	20150423	1	49.30	12
BOTTM	33	6	20150423	2	2.50	15
BOTTM	51	6	20150423	2	53.00	24
WANDK	12	8	20150423	2	38.00	20
WANDK	32	8	20150423	2	32.00	15
WANDK	35	8	20150423	2	18.00	18
EASTC	1	7	20150424	3	18.00	25
EASTC	5	7	20150424	3	21.40	30
BOTTM	68	7	20150424	3	12.50	42
GOURL	2	3	20150424	1	19.00	10
GOURL	12	3	20150424	1	38.00	4
FOLKO	76	8	20150427	2	18.00	50
LAMAI	24	7	20150427	3	4.50	10
HANAR	43	3	20150427	1	46.00	30
HANAR	61	3	20150427	1	28.50	10
PICCO	18	2	20150427	2	62.50	35
PICCO	32	2	20150427	2	32.00	20
PICCO	64	2	20150427	2	33.30	25
CACTU	33	8	20150428	1	2.50	10
CACTU	67	8	20150428	1	14.00	20
HILAA	24	7	20150428	2	4.50	15
HILAA	25	7	20150428	2	14.00	15
HILAA	51	7	20150428	2	53.00	20
HILAA	57	7	20150428	2	19.50	20
EASTC	7	8	20150428	2	30.00	40
EASTC	55	8	20150428	2	24.00	35
EASTC	60	8	20150428	2	34.00	50
NORTS	70	3	20150429	3	15.00	3
BLAUS	21	9	20150429	3	10.00	3
BLAUS	60	9	20150429	3	34.00	21
BLAUS	61	9	20150429	3	28.50	4
RICAR	13	2	20150429	2	6.00	30
RICAR	17	2	20150429	2	39.00	12
RICAR	60	2	20150429	2	34.00	35
FRANS	60	2	20150430	2	34.00	4
FRANS	77	2	20150430	2	13.00	10
GREAL	60	4	20150430	3	34.00	15
REGGC	53	4	20150430	2	32.80	10
REGGC	70	4	20150430	2	15.00	12
HUNGO	34	3	20150430	2	14.00	30
HUNGO	40	3	20150430	2	18.40	40
HUNGO	41	3	20150430	2	9.70	30
SAVEA	17	1	20150501	1	39.00	77
SAVEA	41	1	20150501	1	9.70	12
SAVEA	53	1	20150501	1	32.80	25
SAVEA	55	1	20150501	1	24.00	4
SAVEA	68	1	20150501	1	12.50	55
LILAS	30	8	20150501	1	25.90	4
LILAS	54	8	20150501	1	7.50	20
WHITC	16	7	20150501	2	17.50	3
WHITC	19	7	20150501	2	9.20	42
WHITC	34	7	20150501	2	14.00	35
DRACD	41	1	20150504	2	9.70	9
QUEEN	28	8	20150504	2	45.60	8
QUEEN	43	8	20150504	2	46.00	36
QUEEN	77	8	20150504	2	13.00	28
TORTU	39	1	20150504	2	18.00	20
LEHMS	1	2	20150505	1	18.00	40
LEHMS	2	2	20150505	1	19.00	20
LEHMS	16	2	20150505	1	17.50	30
LEHMS	31	2	20150505	1	12.50	20
LILAS	7	1	20150505	1	30.00	15
LILAS	13	1	20150505	1	6.00	10
ERNSH	2	4	20150505	2	19.00	8
ERNSH	41	4	20150505	2	9.70	40
ERNSH	50	4	20150505	2	16.30	22
ERNSH	64	4	20150505	2	33.30	130
PERIC	11	2	20150505	2	21.00	10
PERIC	24	2	20150505	2	4.50	20
SIMOB	16	7	20150506	2	17.50	14
RICSU	2	8	20150506	2	19.00	10
RICSU	46	8	20150506	2	12.00	30
RICSU	76	8	20150506	2	18.00	2
BONAP	6	4	20150506	2	25.00	20
BONAP	14	4	20150506	2	23.30	20
BONAP	19	4	20150506	2	9.20	10
RATTC	2	1	20150506	2	19.00	24
RATTC	3	1	20150506	2	10.00	4
RATTC	4	1	20150506	2	22.00	1
RATTC	6	1	20150506	2	25.00	1
RATTC	7	1	20150506	2	30.00	1
RATTC	8	1	20150506	2	40.00	2
RATTC	10	1	20150506	2	31.00	1
RATTC	12	1	20150506	2	38.00	2
RATTC	13	1	20150506	2	6.00	4
RATTC	14	1	20150506	2	23.30	1
RATTC	16	1	20150506	2	17.50	2
RATTC	20	1	20150506	2	81.00	1
RATTC	23	1	20150506	2	9.00	2
RATTC	32	1	20150506	2	32.00	1
RATTC	39	1	20150506	2	18.00	2
RATTC	41	1	20150506	2	9.70	3
RATTC	46	1	20150506	2	12.00	3
RATTC	52	1	20150506	2	7.00	2
RATTC	55	1	20150506	2	24.00	2
RATTC	60	1	20150506	2	34.00	2
RATTC	64	1	20150506	2	33.30	2
RATTC	66	1	20150506	2	17.00	1
RATTC	73	1	20150506	2	15.00	2
RATTC	75	1	20150506	2	7.80	4
RATTC	77	1	20150506	2	13.00	2
\.


--
-- Data for Name: product; Type: TABLE DATA; Schema: public; Owner: your_user
--

COPY public.product (productid, productname, productcategory) FROM stdin;
1	Chai	Beverages
2	Chang	Beverages
3	Aniseed Syrup	Condiments
4	Chef Anton's Cajun Seasoning	Condiments
5	Chef Anton's Gumbo Mix	Condiments
6	Grandma's Boysenberry Spread	Condiments
7	Uncle Bob's Organic Dried Pears	Produce
8	Northwoods Cranberry Sauce	Condiments
9	Mishi Kobe Niku	Meat & Poultry
10	Ikura	Seafood
11	Queso Cabrales	Dairy Products
12	Queso Manchego La Pastora	Dairy Products
13	Konbu	Seafood
14	Tofu	Produce
15	Genen Shouyu	Condiments
16	Pavlova	Confections
17	Alice Mutton	Meat & Poultry
18	Carnarvon Tigers	Seafood
19	Teatime Chocolate Biscuits	Confections
20	Sir Rodney's Marmalade	Confections
21	Sir Rodney's Scones	Confections
22	Gustaf's Knackebröd	Grains & Cereals
23	Tunnbröd	Grains & Cereals
24	Guarana Fantastica	Beverages
25	NuNuCa Nuß-Nougat-Creme	Confections
26	Gumbär Gummibärchen	Confections
27	Schoggi Schokolade	Confections
28	Rössle Sauerkraut	Produce
29	Thüringer Rostbratwurst	Meat & Poultry
30	Nord-Ost Matjeshering	Seafood
31	Gorgonzola Telino	Dairy Products
32	Mascarpone Fabioli	Dairy Products
33	Geitost	Dairy Products
34	Sasquatch Ale	Beverages
35	Steeleye Stout	Beverages
36	Inlagd Sill	Seafood
37	Gravad lax	Seafood
38	Côte de Blaye	Beverages
39	Chartreuse verte	Beverages
40	Boston Crab Meat	Seafood
41	Jack's New England Clam Chowder	Seafood
42	Singaporean Hokkien Fried Mee	Grains & Cereals
43	Ipoh Coffee	Beverages
44	Gula Malacca	Condiments
45	Rogede sild	Seafood
46	Spegesild	Seafood
47	Zaanse koeken	Confections
48	Chocolade	Confections
49	Maxilaku	Confections
50	Valkoinen suklaa	Confections
51	Manjimup Dried Apples	Produce
52	Filo Mix	Grains & Cereals
53	Perth Pasties	Meat & Poultry
54	Tourtière	Meat & Poultry
55	Pâté chinois	Meat & Poultry
56	Gnocchi di nonna Alice	Grains & Cereals
57	Ravioli Angelo	Grains & Cereals
58	Escargots de Bourgogne	Seafood
59	Raclette Courdavault	Dairy Products
60	Camembert Pierrot	Dairy Products
61	Sirop d'érable	Condiments
62	Tarte au sucre	Confections
63	Vegie-spread	Condiments
64	Wimmers gute Semmelknödel	Grains & Cereals
65	Louisiana Fiery Hot Pepper Sauce	Condiments
66	Louisiana Hot Spiced Okra	Condiments
67	Laughing Lumberjack Lager	Beverages
68	Scottish Longbreads	Confections
69	Gudbrandsdalsost	Dairy Products
70	Outback Lager	Beverages
71	Flotemysost	Dairy Products
72	Mozzarella di Giovanni	Dairy Products
73	Röd Kaviar	Seafood
74	Longlife Tofu	Produce
75	Rhönbräu Klosterbier	Beverages
76	Lakkaliköri	Beverages
77	Original Frankfurter Grüne Soße	Condiments
\.


--
-- Data for Name: supplier; Type: TABLE DATA; Schema: public; Owner: your_user
--

COPY public.supplier (supplierid, companyname, country) FROM stdin;
1	Speedy Express	\N
2	United Package	\N
3	Federal Shipping	\N
\.


--
-- Data for Name: time; Type: TABLE DATA; Schema: public; Owner: your_user
--

COPY public."time" (timeid, date, year, quarter, month, day) FROM stdin;
20130708	2013-07-08	2013	3	7	8
20130709	2013-07-09	2013	3	7	9
20130712	2013-07-12	2013	3	7	12
20130718	2013-07-18	2013	3	7	18
20130724	2013-07-24	2013	3	7	24
20130726	2013-07-26	2013	3	7	26
20130801	2013-08-01	2013	3	8	1
20130808	2013-08-08	2013	3	8	8
20130822	2013-08-22	2013	3	8	22
20130904	2013-09-04	2013	3	9	4
20130917	2013-09-17	2013	3	9	17
20131001	2013-10-01	2013	4	10	1
20131003	2013-10-03	2013	4	10	3
20131017	2013-10-17	2013	4	10	17
20131022	2013-10-22	2013	4	10	22
20131031	2013-10-31	2013	4	10	31
20131108	2013-11-08	2013	4	11	8
20131129	2013-11-29	2013	4	11	29
20131202	2013-12-02	2013	4	12	2
20131216	2013-12-16	2013	4	12	16
20131225	2013-12-25	2013	4	12	25
20140101	2014-01-01	2014	1	1	1
20140113	2014-01-13	2014	1	1	13
20140122	2014-01-22	2014	1	1	22
20140203	2014-02-03	2014	1	2	3
20140207	2014-02-07	2014	1	2	7
20140212	2014-02-12	2014	1	2	12
20140213	2014-02-13	2014	1	2	13
20140228	2014-02-28	2014	1	2	28
20140304	2014-03-04	2014	1	3	4
20140305	2014-03-05	2014	1	3	5
20140416	2014-04-16	2014	2	4	16
20140502	2014-05-02	2014	2	5	2
20140512	2014-05-12	2014	2	5	12
20140528	2014-05-28	2014	2	5	28
20140602	2014-06-02	2014	2	6	2
20140710	2014-07-10	2014	3	7	10
20140804	2014-08-04	2014	3	8	4
20140826	2014-08-26	2014	3	8	26
20140905	2014-09-05	2014	3	9	5
20140911	2014-09-11	2014	3	9	11
20140919	2014-09-19	2014	3	9	19
20140922	2014-09-22	2014	3	9	22
20140926	2014-09-26	2014	3	9	26
20140929	2014-09-29	2014	3	9	29
20141001	2014-10-01	2014	4	10	1
20141027	2014-10-27	2014	4	10	27
20141031	2014-10-31	2014	4	10	31
20141124	2014-11-24	2014	4	11	24
20141201	2014-12-01	2014	4	12	1
20141209	2014-12-09	2014	4	12	9
20141229	2014-12-29	2014	4	12	29
20150105	2015-01-05	2015	1	1	5
20150227	2015-02-27	2015	1	2	27
20150306	2015-03-06	2015	1	3	6
20150324	2015-03-24	2015	1	3	24
20150410	2015-04-10	2015	2	4	10
20150413	2015-04-13	2015	2	4	13
20150417	2015-04-17	2015	2	4	17
20150430	2015-04-30	2015	2	4	30
20150504	2015-05-04	2015	2	5	4
20130705	2013-07-05	2013	3	7	5
20130710	2013-07-10	2013	3	7	10
20130807	2013-08-07	2013	3	8	7
20130814	2013-08-14	2013	3	8	14
20130823	2013-08-23	2013	3	8	23
20130903	2013-09-03	2013	3	9	3
20131004	2013-10-04	2013	4	10	4
20131010	2013-10-10	2013	4	10	10
20131018	2013-10-18	2013	4	10	18
20131021	2013-10-21	2013	4	10	21
20131104	2013-11-04	2013	4	11	4
20131107	2013-11-07	2013	4	11	7
20131112	2013-11-12	2013	4	11	12
20131113	2013-11-13	2013	4	11	13
20131218	2013-12-18	2013	4	12	18
20140102	2014-01-02	2014	1	1	2
20140116	2014-01-16	2014	1	1	16
20140129	2014-01-29	2014	1	1	29
20140130	2014-01-30	2014	1	1	30
20140226	2014-02-26	2014	1	2	26
20140303	2014-03-03	2014	1	3	3
20140324	2014-03-24	2014	1	3	24
20140326	2014-03-26	2014	1	3	26
20140327	2014-03-27	2014	1	3	27
20140328	2014-03-28	2014	1	3	28
20140410	2014-04-10	2014	2	4	10
20140424	2014-04-24	2014	2	4	24
20140620	2014-06-20	2014	2	6	20
20140630	2014-06-30	2014	2	6	30
20140701	2014-07-01	2014	3	7	1
20140714	2014-07-14	2014	3	7	14
20140723	2014-07-23	2014	3	7	23
20140805	2014-08-05	2014	3	8	5
20140807	2014-08-07	2014	3	8	7
20140808	2014-08-08	2014	3	8	8
20140813	2014-08-13	2014	3	8	13
20140820	2014-08-20	2014	3	8	20
20140917	2014-09-17	2014	3	9	17
20140918	2014-09-18	2014	3	9	18
20141002	2014-10-02	2014	4	10	2
20141006	2014-10-06	2014	4	10	6
20141118	2014-11-18	2014	4	11	18
20141212	2014-12-12	2014	4	12	12
20141218	2014-12-18	2014	4	12	18
20150109	2015-01-09	2015	1	1	9
20150116	2015-01-16	2015	1	1	16
20150119	2015-01-19	2015	1	1	19
20150126	2015-01-26	2015	1	1	26
20150219	2015-02-19	2015	1	2	19
20150223	2015-02-23	2015	1	2	23
20150226	2015-02-26	2015	1	2	26
20150302	2015-03-02	2015	1	3	2
20150317	2015-03-17	2015	1	3	17
20150318	2015-03-18	2015	1	3	18
20150319	2015-03-19	2015	1	3	19
20150331	2015-03-31	2015	1	3	31
20150401	2015-04-01	2015	2	4	1
20150420	2015-04-20	2015	2	4	20
20150422	2015-04-22	2015	2	4	22
20150427	2015-04-27	2015	2	4	27
20150428	2015-04-28	2015	2	4	28
20150501	2015-05-01	2015	2	5	1
20130722	2013-07-22	2013	3	7	22
20130806	2013-08-06	2013	3	8	6
20130815	2013-08-15	2013	3	8	15
20130820	2013-08-20	2013	3	8	20
20130827	2013-08-27	2013	3	8	27
20130916	2013-09-16	2013	3	9	16
20130919	2013-09-19	2013	3	9	19
20130924	2013-09-24	2013	3	9	24
20131009	2013-10-09	2013	4	10	9
20131011	2013-10-11	2013	4	10	11
20131023	2013-10-23	2013	4	10	23
20131028	2013-10-28	2013	4	10	28
20131030	2013-10-30	2013	4	10	30
20131122	2013-11-22	2013	4	11	22
20131126	2013-11-26	2013	4	11	26
20131205	2013-12-05	2013	4	12	5
20131219	2013-12-19	2013	4	12	19
20140107	2014-01-07	2014	1	1	7
20140108	2014-01-08	2014	1	1	8
20140109	2014-01-09	2014	1	1	9
20140110	2014-01-10	2014	1	1	10
20140127	2014-01-27	2014	1	1	27
20140210	2014-02-10	2014	1	2	10
20140224	2014-02-24	2014	1	2	24
20140310	2014-03-10	2014	1	3	10
20140325	2014-03-25	2014	1	3	25
20140407	2014-04-07	2014	2	4	7
20140418	2014-04-18	2014	2	4	18
20140501	2014-05-01	2014	2	5	1
20140527	2014-05-27	2014	2	5	27
20140603	2014-06-03	2014	2	6	3
20140605	2014-06-05	2014	2	6	5
20140609	2014-06-09	2014	2	6	9
20140616	2014-06-16	2014	2	6	16
20140619	2014-06-19	2014	2	6	19
20140702	2014-07-02	2014	3	7	2
20140707	2014-07-07	2014	3	7	7
20140708	2014-07-08	2014	3	7	8
20140715	2014-07-15	2014	3	7	15
20140718	2014-07-18	2014	3	7	18
20140729	2014-07-29	2014	3	7	29
20140825	2014-08-25	2014	3	8	25
20140903	2014-09-03	2014	3	9	3
20140904	2014-09-04	2014	3	9	4
20140923	2014-09-23	2014	3	9	23
20140925	2014-09-25	2014	3	9	25
20141007	2014-10-07	2014	4	10	7
20141023	2014-10-23	2014	4	10	23
20141103	2014-11-03	2014	4	11	3
20141111	2014-11-11	2014	4	11	11
20141114	2014-11-14	2014	4	11	14
20141126	2014-11-26	2014	4	11	26
20141203	2014-12-03	2014	4	12	3
20141204	2014-12-04	2014	4	12	4
20141215	2014-12-15	2014	4	12	15
20141224	2014-12-24	2014	4	12	24
20141225	2014-12-25	2014	4	12	25
20150102	2015-01-02	2015	1	1	2
20150112	2015-01-12	2015	1	1	12
20150122	2015-01-22	2015	1	1	22
20150123	2015-01-23	2015	1	1	23
20150129	2015-01-29	2015	1	1	29
20150130	2015-01-30	2015	1	1	30
20150202	2015-02-02	2015	1	2	2
20150204	2015-02-04	2015	1	2	4
20150211	2015-02-11	2015	1	2	11
20150213	2015-02-13	2015	1	2	13
20150218	2015-02-18	2015	1	2	18
20150311	2015-03-11	2015	1	3	11
20150326	2015-03-26	2015	1	3	26
20150409	2015-04-09	2015	2	4	9
20130704	2013-07-04	2013	3	7	4
20130731	2013-07-31	2013	3	7	31
20130830	2013-08-30	2013	3	8	30
20130905	2013-09-05	2013	3	9	5
20130906	2013-09-06	2013	3	9	6
20130909	2013-09-09	2013	3	9	9
20130912	2013-09-12	2013	3	9	12
20130920	2013-09-20	2013	3	9	20
20130925	2013-09-25	2013	3	9	25
20131015	2013-10-15	2013	4	10	15
20131111	2013-11-11	2013	4	11	11
20131203	2013-12-03	2013	4	12	3
20131211	2013-12-11	2013	4	12	11
20140103	2014-01-03	2014	1	1	3
20140114	2014-01-14	2014	1	1	14
20140115	2014-01-15	2014	1	1	15
20140124	2014-01-24	2014	1	1	24
20140205	2014-02-05	2014	1	2	5
20140214	2014-02-14	2014	1	2	14
20140219	2014-02-19	2014	1	2	19
20140227	2014-02-27	2014	1	2	27
20140306	2014-03-06	2014	1	3	6
20140404	2014-04-04	2014	2	4	4
20140428	2014-04-28	2014	2	4	28
20140522	2014-05-22	2014	2	5	22
20140526	2014-05-26	2014	2	5	26
20140610	2014-06-10	2014	2	6	10
20140623	2014-06-23	2014	2	6	23
20140721	2014-07-21	2014	3	7	21
20140821	2014-08-21	2014	3	8	21
20140901	2014-09-01	2014	3	9	1
20140908	2014-09-08	2014	3	9	8
20140915	2014-09-15	2014	3	9	15
20141010	2014-10-10	2014	4	10	10
20141110	2014-11-10	2014	4	11	10
20141125	2014-11-25	2014	4	11	25
20141128	2014-11-28	2014	4	11	28
20141208	2014-12-08	2014	4	12	8
20141210	2014-12-10	2014	4	12	10
20141216	2014-12-16	2014	4	12	16
20150107	2015-01-07	2015	1	1	7
20150114	2015-01-14	2015	1	1	14
20150210	2015-02-10	2015	1	2	10
20150216	2015-02-16	2015	1	2	16
20150224	2015-02-24	2015	1	2	24
20150303	2015-03-03	2015	1	3	3
20150402	2015-04-02	2015	2	4	2
20150408	2015-04-08	2015	2	4	8
20150416	2015-04-16	2015	2	4	16
20130715	2013-07-15	2013	3	7	15
20130725	2013-07-25	2013	3	7	25
20130821	2013-08-21	2013	3	8	21
20130828	2013-08-28	2013	3	8	28
20130829	2013-08-29	2013	3	8	29
20130910	2013-09-10	2013	3	9	10
20130911	2013-09-11	2013	3	9	11
20130926	2013-09-26	2013	3	9	26
20131002	2013-10-02	2013	4	10	2
20131014	2013-10-14	2013	4	10	14
20131024	2013-10-24	2013	4	10	24
20131025	2013-10-25	2013	4	10	25
20131115	2013-11-15	2013	4	11	15
20131209	2013-12-09	2013	4	12	9
20131223	2013-12-23	2013	4	12	23
20131226	2013-12-26	2013	4	12	26
20131227	2013-12-27	2013	4	12	27
20140106	2014-01-06	2014	1	1	6
20140123	2014-01-23	2014	1	1	23
20140128	2014-01-28	2014	1	1	28
20140206	2014-02-06	2014	1	2	6
20140211	2014-02-11	2014	1	2	11
20140311	2014-03-11	2014	1	3	11
20140317	2014-03-17	2014	1	3	17
20140320	2014-03-20	2014	1	3	20
20140321	2014-03-21	2014	1	3	21
20140402	2014-04-02	2014	2	4	2
20140409	2014-04-09	2014	2	4	9
20140417	2014-04-17	2014	2	4	17
20140421	2014-04-21	2014	2	4	21
20140422	2014-04-22	2014	2	4	22
20140423	2014-04-23	2014	2	4	23
20140425	2014-04-25	2014	2	4	25
20140514	2014-05-14	2014	2	5	14
20140519	2014-05-19	2014	2	5	19
20140521	2014-05-21	2014	2	5	21
20140618	2014-06-18	2014	2	6	18
20140625	2014-06-25	2014	2	6	25
20140716	2014-07-16	2014	3	7	16
20140722	2014-07-22	2014	3	7	22
20140728	2014-07-28	2014	3	7	28
20140814	2014-08-14	2014	3	8	14
20140828	2014-08-28	2014	3	8	28
20140910	2014-09-10	2014	3	9	10
20140916	2014-09-16	2014	3	9	16
20140930	2014-09-30	2014	3	9	30
20141008	2014-10-08	2014	4	10	8
20141009	2014-10-09	2014	4	10	9
20141013	2014-10-13	2014	4	10	13
20141113	2014-11-13	2014	4	11	13
20141120	2014-11-20	2014	4	11	20
20141121	2014-11-21	2014	4	11	21
20141211	2014-12-11	2014	4	12	11
20141231	2014-12-31	2014	4	12	31
20150106	2015-01-06	2015	1	1	6
20150128	2015-01-28	2015	1	1	28
20150203	2015-02-03	2015	1	2	3
20150225	2015-02-25	2015	1	2	25
20150304	2015-03-04	2015	1	3	4
20150320	2015-03-20	2015	1	3	20
20150330	2015-03-30	2015	1	3	30
20150403	2015-04-03	2015	2	4	3
20150414	2015-04-14	2015	2	4	14
20150424	2015-04-24	2015	2	4	24
20150505	2015-05-05	2015	2	5	5
20130717	2013-07-17	2013	3	7	17
20130719	2013-07-19	2013	3	7	19
20130812	2013-08-12	2013	3	8	12
20130813	2013-08-13	2013	3	8	13
20130816	2013-08-16	2013	3	8	16
20130826	2013-08-26	2013	3	8	26
20130927	2013-09-27	2013	3	9	27
20130930	2013-09-30	2013	3	9	30
20131007	2013-10-07	2013	4	10	7
20131008	2013-10-08	2013	4	10	8
20131016	2013-10-16	2013	4	10	16
20131029	2013-10-29	2013	4	10	29
20131101	2013-11-01	2013	4	11	1
20131105	2013-11-05	2013	4	11	5
20131114	2013-11-14	2013	4	11	14
20131119	2013-11-19	2013	4	11	19
20131120	2013-11-20	2013	4	11	20
20131121	2013-11-21	2013	4	11	21
20131125	2013-11-25	2013	4	11	25
20131127	2013-11-27	2013	4	11	27
20131204	2013-12-04	2013	4	12	4
20131217	2013-12-17	2013	4	12	17
20140117	2014-01-17	2014	1	1	17
20140217	2014-02-17	2014	1	2	17
20140218	2014-02-18	2014	1	2	18
20140220	2014-02-20	2014	1	2	20
20140225	2014-02-25	2014	1	2	25
20140307	2014-03-07	2014	1	3	7
20140312	2014-03-12	2014	1	3	12
20140318	2014-03-18	2014	1	3	18
20140401	2014-04-01	2014	2	4	1
20140414	2014-04-14	2014	2	4	14
20140430	2014-04-30	2014	2	4	30
20140506	2014-05-06	2014	2	5	6
20140507	2014-05-07	2014	2	5	7
20140513	2014-05-13	2014	2	5	13
20140515	2014-05-15	2014	2	5	15
20140523	2014-05-23	2014	2	5	23
20140530	2014-05-30	2014	2	5	30
20140626	2014-06-26	2014	2	6	26
20140703	2014-07-03	2014	3	7	3
20140725	2014-07-25	2014	3	7	25
20140730	2014-07-30	2014	3	7	30
20140801	2014-08-01	2014	3	8	1
20140811	2014-08-11	2014	3	8	11
20140812	2014-08-12	2014	3	8	12
20140815	2014-08-15	2014	3	8	15
20140822	2014-08-22	2014	3	8	22
20140827	2014-08-27	2014	3	8	27
20140902	2014-09-02	2014	3	9	2
20140909	2014-09-09	2014	3	9	9
20141003	2014-10-03	2014	4	10	3
20141015	2014-10-15	2014	4	10	15
20141021	2014-10-21	2014	4	10	21
20141022	2014-10-22	2014	4	10	22
20141029	2014-10-29	2014	4	10	29
20141030	2014-10-30	2014	4	10	30
20141202	2014-12-02	2014	4	12	2
20141217	2014-12-17	2014	4	12	17
20141226	2014-12-26	2014	4	12	26
20150101	2015-01-01	2015	1	1	1
20150113	2015-01-13	2015	1	1	13
20150309	2015-03-09	2015	1	3	9
20150325	2015-03-25	2015	1	3	25
20150327	2015-03-27	2015	1	3	27
20150406	2015-04-06	2015	2	4	6
20150421	2015-04-21	2015	2	4	21
20150423	2015-04-23	2015	2	4	23
20150429	2015-04-29	2015	2	4	29
20150506	2015-05-06	2015	2	5	6
20130716	2013-07-16	2013	3	7	16
20130723	2013-07-23	2013	3	7	23
20130730	2013-07-30	2013	3	7	30
20130805	2013-08-05	2013	3	8	5
20130809	2013-08-09	2013	3	8	9
20130819	2013-08-19	2013	3	8	19
20131106	2013-11-06	2013	4	11	6
20131128	2013-11-28	2013	4	11	28
20131212	2013-12-12	2013	4	12	12
20131224	2013-12-24	2013	4	12	24
20140120	2014-01-20	2014	1	1	20
20140204	2014-02-04	2014	1	2	4
20140221	2014-02-21	2014	1	2	21
20140313	2014-03-13	2014	1	3	13
20140314	2014-03-14	2014	1	3	14
20140319	2014-03-19	2014	1	3	19
20140403	2014-04-03	2014	2	4	3
20140408	2014-04-08	2014	2	4	8
20140508	2014-05-08	2014	2	5	8
20140516	2014-05-16	2014	2	5	16
20140529	2014-05-29	2014	2	5	29
20140604	2014-06-04	2014	2	6	4
20140612	2014-06-12	2014	2	6	12
20140617	2014-06-17	2014	2	6	17
20140709	2014-07-09	2014	3	7	9
20140711	2014-07-11	2014	3	7	11
20140724	2014-07-24	2014	3	7	24
20140731	2014-07-31	2014	3	7	31
20140806	2014-08-06	2014	3	8	6
20140829	2014-08-29	2014	3	8	29
20140912	2014-09-12	2014	3	9	12
20140924	2014-09-24	2014	3	9	24
20141020	2014-10-20	2014	4	10	20
20141028	2014-10-28	2014	4	10	28
20141105	2014-11-05	2014	4	11	5
20141112	2014-11-12	2014	4	11	12
20141117	2014-11-17	2014	4	11	17
20141119	2014-11-19	2014	4	11	19
20141205	2014-12-05	2014	4	12	5
20141219	2014-12-19	2014	4	12	19
20141223	2014-12-23	2014	4	12	23
20141230	2014-12-30	2014	4	12	30
20150108	2015-01-08	2015	1	1	8
20150121	2015-01-21	2015	1	1	21
20150127	2015-01-27	2015	1	1	27
20150205	2015-02-05	2015	1	2	5
20150206	2015-02-06	2015	1	2	6
20150209	2015-02-09	2015	1	2	9
20150217	2015-02-17	2015	1	2	17
20150312	2015-03-12	2015	1	3	12
20150323	2015-03-23	2015	1	3	23
20150415	2015-04-15	2015	2	4	15
20130711	2013-07-11	2013	3	7	11
20130729	2013-07-29	2013	3	7	29
20130802	2013-08-02	2013	3	8	2
20130902	2013-09-02	2013	3	9	2
20130913	2013-09-13	2013	3	9	13
20130918	2013-09-18	2013	3	9	18
20130923	2013-09-23	2013	3	9	23
20131118	2013-11-18	2013	4	11	18
20131206	2013-12-06	2013	4	12	6
20131210	2013-12-10	2013	4	12	10
20131213	2013-12-13	2013	4	12	13
20131220	2013-12-20	2013	4	12	20
20131230	2013-12-30	2013	4	12	30
20131231	2013-12-31	2013	4	12	31
20140121	2014-01-21	2014	1	1	21
20140131	2014-01-31	2014	1	1	31
20140331	2014-03-31	2014	1	3	31
20140411	2014-04-11	2014	2	4	11
20140415	2014-04-15	2014	2	4	15
20140429	2014-04-29	2014	2	4	29
20140505	2014-05-05	2014	2	5	5
20140509	2014-05-09	2014	2	5	9
20140520	2014-05-20	2014	2	5	20
20140606	2014-06-06	2014	2	6	6
20140611	2014-06-11	2014	2	6	11
20140613	2014-06-13	2014	2	6	13
20140624	2014-06-24	2014	2	6	24
20140627	2014-06-27	2014	2	6	27
20140704	2014-07-04	2014	3	7	4
20140717	2014-07-17	2014	3	7	17
20140818	2014-08-18	2014	3	8	18
20140819	2014-08-19	2014	3	8	19
20141014	2014-10-14	2014	4	10	14
20141016	2014-10-16	2014	4	10	16
20141017	2014-10-17	2014	4	10	17
20141024	2014-10-24	2014	4	10	24
20141104	2014-11-04	2014	4	11	4
20141106	2014-11-06	2014	4	11	6
20141107	2014-11-07	2014	4	11	7
20141127	2014-11-27	2014	4	11	27
20141222	2014-12-22	2014	4	12	22
20150115	2015-01-15	2015	1	1	15
20150120	2015-01-20	2015	1	1	20
20150212	2015-02-12	2015	1	2	12
20150220	2015-02-20	2015	1	2	20
20150305	2015-03-05	2015	1	3	5
20150310	2015-03-10	2015	1	3	10
20150313	2015-03-13	2015	1	3	13
20150316	2015-03-16	2015	1	3	16
20150407	2015-04-07	2015	2	4	7
\.


--
-- PostgreSQL database dump complete
--

